SALE TYPE,SOLD DATE,PROPERTY TYPE,ADDRESS,CITY,STATE OR PROVINCE,ZIP OR POSTAL CODE,PRICE,BEDS,BATHS,LOCATION,SQUARE FEET,LOT SIZE,YEAR BUILT,DAYS ON MARKET,$/SQUARE FEET,HOA/MONTH,STATUS,NEXT OPEN HOUSE START TIME,NEXT OPEN HOUSE END TIME,URL (SEE http://www.redfin.com/buy-a-home/comparative-market-analysis FOR INFO ON PRICING),SOURCE,MLS#,FAVORITE,INTERESTED,LATITUDE,LONGITUDE,MARKETDIST
PAST SALE,September-10-2021,Single Family Residential,3219 Midvale Ave,Los Angeles,CA,90034,2299000,4,3,C13 - Palms - Mar Vista,2836,6830,1940,32,811,,Sold,,,http://www.redfin.com/CA/Los-Angeles/3219-Midvale-Ave-90034/home/6752883,CRMLS,BB21148765,N,Y,34.0271216,-118.4191609,2.4
PAST SALE,May-27-2021,Single Family Residential,12524 Rose Ave,Los Angeles,CA,90066,1982778,3,3,C13 - Palms - Mar Vista,1715,5700,1947,138,1156,,Sold,,,http://www.redfin.com/CA/Los-Angeles/12524-Rose-Ave-90066/home/6748021,CRMLS,SB21051434,N,Y,34.0137814,-118.4434457,
PAST SALE,June-7-2021,Single Family Residential,3244 Midvale Ave,Los Angeles,CA,90034,2395000,5,4,C12 - Marina Del Rey,2537,5942,1940,127,944,,Sold,,,http://www.redfin.com/CA/Los-Angeles/3244-Midvale-Ave-90034/home/6752829,CRMLS,BB21077386,N,Y,34.0270296,-118.4183746,
PAST SALE,,Single Family Residential,3542 Moore St,Los Angeles,CA,90066,1950000,4,2,,1553,7546,1948,,1256,,,,,http://www.redfin.com/CA/Los-Angeles/3542-Moore-St-90066/home/6746543,,,N,Y,34.0056591,-118.4442615,
PAST SALE,April-22-2021,Single Family Residential,12619 Preston Way,Los Angeles,CA,90066,3599000,4,4.5,Palms - Mar Vista,4162,5751,2020,173,865,,Sold,,,http://www.redfin.com/CA/Los-Angeles/12619-Preston-Way-90066/home/6748233,TheMLS,21-706484,N,Y,34.0093401,-118.442345,
PAST SALE,November-6-2020,Single Family Residential,3525 May St,Mar Vista,CA,90066,1373000,3,1,C13 - Palms - Mar Vista,1084,5828,1950,340,1267,,Sold,,,http://www.redfin.com/CA/Los-Angeles/3525-May-St-90066/home/6746574,CRMLS,SB20153709,N,Y,34.0066824,-118.4435314,
PAST SALE,July-5-2021,Single Family Residential,3445 Cabrillo Blvd,Los Angeles,CA,90066,1800000,2,2,Palms - Mar Vista,1350,5250,1952,99,1333,,Sold,,,http://www.redfin.com/CA/Los-Angeles/3445-Cabrillo-Blvd-90066/home/6747858,TheMLS,21-741608,N,Y,34.0089206,-118.4448553,
PAST SALE,June-3-2021,Single Family Residential,12549 Everglade St,Los Angeles,CA,90066,2395000,4,3,C13 - Palms - Mar Vista,2460,5700,1947,131,974,,Sold,,,http://www.redfin.com/CA/Los-Angeles/12549-Everglade-St-90066/home/6748124,i-Tech MLS,320005578,N,Y,34.011865,-118.4427312,
PAST SALE,December-23-2020,Single Family Residential,4116 Marcasel Ave,Mar Vista,CA,90066,1988000,3,2.5,C13 - Palms - Mar Vista,1766,14821,1952,293,1126,,Sold,,,http://www.redfin.com/CA/Los-Angeles/4116-Marcasel-Ave-90066/home/6738154,CRMLS,SB20229447,N,Y,34.0007574,-118.4223573,
PAST SALE,March-17-2021,Single Family Residential,3976 Mclaughlin Ave,Los Angeles,CA,90066,1090000,2,1,Palms - Mar Vista,996,4430,1949,209,1094,,Sold,,,http://www.redfin.com/CA/Los-Angeles/3976-McLaughlin-Ave-90066/home/6727131,TheMLS,21-682752,N,Y,34.0051924,-118.4215575,
PAST SALE,September-27-2021,Single Family Residential,3965 Mclaughlin Ave,Mar Vista,CA,90066,1608000,3,2,C13 - Palms - Mar Vista,1100,7757,1939,15,1462,,Sold,,,http://www.redfin.com/CA/Los-Angeles/3965-McLaughlin-Ave-90066/home/6727173,CRISNet,SR21180916,N,Y,34.005245,-118.4222089,0.8
PAST SALE,September-10-2021,Single Family Residential,4065 East Blvd,Los Angeles,CA,90066,2400000,4,2,Palms - Mar Vista,2406,9259,1902,32,998,,Sold,,,http://www.redfin.com/CA/Los-Angeles/4065-East-Blvd-90066/home/6738168,TheMLS,21-769782,N,Y,34.0020622,-118.4215016,
PAST SALE,June-29-2021,Single Family Residential,3448 Redwood Ave,Los Angeles,CA,90066,1725000,3,3,Palms - Mar Vista,1481,4902,1950,105,1165,,Sold,,,http://www.redfin.com/CA/Los-Angeles/3448-Redwood-Ave-90066/home/6745739,TheMLS,21-729448,N,Y,34.0052349,-118.4510407,
PAST SALE,June-16-2021,Single Family Residential,3492 Redwood Ave,Los Angeles,CA,90066,1680000,3,2,Palms - Mar Vista,1080,5021,1951,118,1556,,Sold,,,http://www.redfin.com/CA/Los-Angeles/3492-Redwood-Ave-90066/home/6745750,TheMLS,21-720700,N,Y,34.004171,-118.4501935,
PAST SALE,,Single Family Residential,3489 Ashwood Ave,Los Angeles,CA,90066,1400000,2,1,,1020,5018,1926,,1373,,,,,http://www.redfin.com/CA/Los-Angeles/3489-Ashwood-Ave-90066/home/6745754,,,N,Y,34.0045352,-118.449851,
PAST SALE,July-29-2021,Single Family Residential,3819 Lyceum Ave,Los Angeles,CA,90066,1395000,3,2.5,Palms - Mar Vista,1598,2587,2021,75,873,,Sold,,,http://www.redfin.com/CA/Los-Angeles/3819-Lyceum-Ave-90066/home/6740002,TheMLS,21-736446,N,Y,33.9986895,-118.4417518,
PAST SALE,July-30-2021,Single Family Residential,3886 Lyceum Ave,Los Angeles,CA,90066,1785000,3,2,Palms - Mar Vista,1326,5563,1926,74,1346,,Sold,,,http://www.redfin.com/CA/Los-Angeles/3886-Lyceum-Ave-90066/home/6740037,TheMLS,21-731108,N,Y,33.9973409,-118.4402549,
PAST SALE,,Single Family Residential,3966 Beethoven St,Los Angeles,CA,90066,1475000,3,3,,1824,1360,2011,,809,,,,,http://www.redfin.com/CA/Los-Angeles/3966-Beethoven-St-90066/home/40153794,,,N,Y,33.9963528,-118.4386821,
PAST SALE,May-18-2021,Single Family Residential,3963 Tivoli Ave,Los Angeles,CA,90066,1649000,3,2,Palms - Mar Vista,2037,5958,1932,147,810,,Sold,,,http://www.redfin.com/CA/Los-Angeles/3963-Tivoli-Ave-90066/home/6740509,TheMLS,21-708540,N,Y,33.9940892,-118.4420712,
PAST SALE,October-16-2020,Single Family Residential,12133 Herbert St,Los Angeles,CA,90066,1290640,6,2.5,Palms - Mar Vista,2214,5000,1947,361,583,,Sold,,,http://www.redfin.com/CA/Los-Angeles/12133-Herbert-St-90066/home/6737283,TheMLS,20-603714,N,Y,33.9992982,-118.4264189,
PAST SALE,December-31-2020,Single Family Residential,3858 Keeshen Dr,Los Angeles,CA,90066,1550000,6,4,Palms - Mar Vista,2611,5214,1949,285,594,,Sold,,,http://www.redfin.com/CA/Los-Angeles/3858-Keeshen-Dr-90066/home/6739725,TheMLS,20-644896,N,Y,34.0045003,-118.4283441,0.2
PAST SALE,June-22-2021,Single Family Residential,3561 Maplewood Ave,Los Angeles,CA,90066,1650000,3,2,C13 - Palms - Mar Vista,1201,4902,1949,112,1374,,Sold,,,http://www.redfin.com/CA/Los-Angeles/3561-Maplewood-Ave-90066/home/6746005,CRISNet,SR21097204,N,Y,34.0031994,-118.4477249,
PAST SALE,December-30-2020,Single Family Residential,3628 Maplewood Ave,Los Angeles,CA,90066,2091625,4,3,Palms - Mar Vista,2301,4901,2020,286,909,,Sold,,,http://www.redfin.com/CA/Los-Angeles/3628-Maplewood-Ave-90066/home/6746222,TheMLS,20-627048,N,Y,34.0025102,-118.4466187,
PAST SALE,June-23-2021,Single Family Residential,1834 Walgrove Ave,Los Angeles,CA,90066,1593000,2,3,Palms - Mar Vista,1496,2495,2019,111,1065,,Sold,,,http://www.redfin.com/CA/Los-Angeles/1834-Walgrove-Ave-90066/home/6745780,TheMLS,21-712526,N,Y,34.0039562,-118.4512314,
PAST SALE,March-4-2021,Single Family Residential,1932 Walgrove Ave,Los Angeles,CA,90066,1630000,3,2,C13 - Palms - Mar Vista,1558,4987,1947,222,1046,,Sold,,,http://www.redfin.com/CA/Los-Angeles/1932-Walgrove-Ave-90066/home/6745929,CRMLS,SB21001627,N,Y,34.0028028,-118.4503642,
PAST SALE,October-27-2020,Single Family Residential,12906 Warren Ave,Los Angeles,CA,90066,2095000,4,3.5,Palms - Mar Vista,2267,6050,2014,350,924,,Sold,,,http://www.redfin.com/CA/Los-Angeles/12906-Warren-Ave-90066/home/6745237,TheMLS,20-611030,N,Y,34.0097913,-118.4501022,
PAST SALE,February-19-2021,Single Family Residential,13030 Warren Ave,Los Angeles,CA,90066,1650000,3,3,Palms - Mar Vista,1844,6272,1953,235,895,,Sold,,,http://www.redfin.com/CA/Los-Angeles/13030-Warren-Ave-90066/home/6745247,TheMLS,21-773308,N,Y,34.0099042,-118.4518817,
PAST SALE,July-27-2021,Single Family Residential,13123 Lake St,Los Angeles,CA,90066,1600000,3,1.5,Palms - Mar Vista,1634,6672,1953,77,979,,Sold,,,http://www.redfin.com/CA/Los-Angeles/13123-Lake-St-90066/home/6745538,TheMLS,21-719014,N,Y,34.0085844,-118.4518817,
PAST SALE,,Single Family Residential,13130 Lake St,Los Angeles,CA,90066,1500000,3,3,,1255,5723,1953,,1195,,,,,http://www.redfin.com/CA/Los-Angeles/13130-Lake-St-90066/home/6745544,,,N,Y,34.0081786,-118.4520642,
PAST SALE,October-28-2020,Single Family Residential,12923 Warren Ave,Los Angeles,CA,90066,2750000,4,4,C13 - Palms - Mar Vista,3420,6050,2016,349,804,,Sold,,,http://www.redfin.com/CA/Los-Angeles/12923-Warren-Ave-90066/home/6747618,CRISNet,SR20129432,N,Y,34.0102652,-118.4506041,
PAST SALE,June-16-2021,Single Family Residential,3207 Rosewood Ave,Los Angeles,CA,90066,2000000,3,1.5,Palms - Mar Vista,1495,6048,1953,118,1338,,Sold,,,http://www.redfin.com/CA/Los-Angeles/3207-Rosewood-Ave-90066/home/6747635,TheMLS,21-734670,N,Y,34.011297,-118.4518817,1.7
PAST SALE,,Single Family Residential,12914 Rose Ave,Los Angeles,CA,90066,1400000,3,2,,1201,7063,1953,,1166,,,,,http://www.redfin.com/CA/Los-Angeles/12914-Rose-Ave-90066/home/6747736,,,N,Y,34.0101633,-118.4494177,
PAST SALE,May-20-2021,Single Family Residential,12300 Clover Ave,Los Angeles,CA,90066,2400000,4,3,C13 - Palms - Mar Vista,2605,5623,1947,145,921,,Sold,,,http://www.redfin.com/CA/Los-Angeles/12300-Clover-Ave-90066/home/6748386,CRISNet,SR20187168,N,Y,34.0182463,-118.4436683,
PAST SALE,April-16-2021,Single Family Residential,3744 Stewart Ave,Mar Vista,CA,90066,2840000,4,5,C13 - Palms - Mar Vista,3252,6257,1940,179,873,,Sold,,,http://www.redfin.com/CA/Los-Angeles/3744-Stewart-Ave-90066/home/6747044,CRMLS,SB21058116,N,Y,34.0036518,-118.4382381,
PAST SALE,,Single Family Residential,12019 Dewey St,Los Angeles,CA,90066,1500000,3,2,,1197,5500,1948,,1253,,,,,http://www.redfin.com/CA/Los-Angeles/12019-Dewey-St-90066/home/6748516,,,N,Y,34.0189121,-118.4398796,
PAST SALE,December-8-2020,Single Family Residential,3541 May St,Mar Vista,CA,90066,1375000,3,1,C13 - Palms - Mar Vista,1102,5830,1950,308,1248,,Sold,,,http://www.redfin.com/CA/Los-Angeles/3541-May-St-90066/home/6746571,CRMLS,SB20240467,N,Y,34.0062754,-118.4432068,
PAST SALE,February-9-2021,Single Family Residential,3498 Cabrillo Blvd,Los Angeles,CA,90066,2480000,4,3.5,Palms - Mar Vista,2530,5337,1958,245,980,,Sold,,,http://www.redfin.com/CA/Los-Angeles/3498-Cabrillo-Blvd-90066/home/6747922,TheMLS,20-674262,N,Y,34.0079769,-118.4434779,
PAST SALE,,Single Family Residential,3786 Wade St,Los Angeles,CA,90066,1400000,3,2,,1170,5038,1941,,1197,,,,,http://www.redfin.com/CA/Los-Angeles/3786-Wade-St-90066/home/6747228,,,N,Y,34.0020632,-118.4381925,
PAST SALE,April-26-2021,Single Family Residential,3964 Mclaughlin Ave,Los Angeles,CA,90066,1215000,3,2,C13 - Palms - Mar Vista,1235,4568,1947,169,984,,Sold,,,http://www.redfin.com/CA/Los-Angeles/3964-McLaughlin-Ave-90066/home/6727134,CRMLS,SB21041082,N,Y,34.0055066,-118.421764,
PAST SALE,,Single Family Residential,3732 Sawtelle Blvd,Los Angeles,CA,90066,500000,2,1,,856,2500,1952,,584,,,,,http://www.redfin.com/CA/Los-Angeles/3732-Sawtelle-Blvd-90066/home/6738779,,,N,Y,34.012896,-118.4205318,
PAST SALE,November-6-2020,Single Family Residential,11430 Palms Blvd,Los Angeles,CA,90066,1800000,4,3,Palms - Mar Vista,2432,5928,1969,340,740,,Sold,,,http://www.redfin.com/CA/Los-Angeles/11430-Palms-Blvd-90066/home/6749861,TheMLS,20-615106,N,Y,34.0167032,-118.4278336,1.2
PAST SALE,October-23-2020,Single Family Residential,11356 Matteson Ave,Los Angeles,CA,90066,1380000,3,2.5,Palms - Mar Vista,1463,2378,2020,354,943,,Sold,,,http://www.redfin.com/CA/Los-Angeles/11356-Matteson-Ave-90066/home/172248183,TheMLS,20-594836,N,Y,34.0088638,-118.4192831,
PAST SALE,January-20-2021,Single Family Residential,12531 Barbara Ave,Los Angeles,CA,90066,1570000,4,2,Palms - Mar Vista,1741,6480,1928,265,902,,Sold,,,http://www.redfin.com/CA/Los-Angeles/12531-Barbara-Ave-90066/home/6739468,TheMLS,20-638898,N,Y,34.0004597,-118.4345419,
PAST SALE,,Single Family Residential,3530 Mountain View Ave,Los Angeles,CA,90066,2260000,2,2,,1534,9589,1952,,1473,,,,,http://www.redfin.com/CA/Los-Angeles/3530-Mountain-View-Ave-90066/home/6748923,,,N,Y,34.0118012,-118.4344489,
PAST SALE,March-23-2021,Single Family Residential,3661 Grand View Blvd,Los Angeles,CA,90066,2000000,3,2.5,Palms - Mar Vista,2100,6541,1951,203,952,,Sold,,,http://www.redfin.com/CA/Los-Angeles/3661-Grand-View-Blvd-90066/home/6749087,TheMLS,20-630186,N,Y,34.0075117,-118.4335379,
PAST SALE,October-23-2020,Single Family Residential,3752 Ocean View Ave,Los Angeles,CA,90066,2344000,3,3,Palms - Mar Vista,2194,9117,1923,354,1068,,Sold,,,http://www.redfin.com/CA/Los-Angeles/3752-Ocean-View-Ave-90066/home/6749247,TheMLS,20-633640,N,Y,34.0054322,-118.432899,
PAST SALE,March-31-2021,Single Family Residential,3637 Mountain View Ave,Los Angeles,CA,90066,2686795,4,3,Palms - Mar Vista,3040,10914,1912,195,884,,Sold,,,http://www.redfin.com/CA/Los-Angeles/3637-Mountain-View-Ave-90066/home/6749113,TheMLS,21-675278,N,Y,34.0085615,-118.4327223,
PAST SALE,October-16-2020,Single Family Residential,3672 Inglewood Blvd,Los Angeles,CA,90066,3250000,5,4,C13 - Palms - Mar Vista,3620,11954,2006,361,898,,Sold,,,http://www.redfin.com/CA/Los-Angeles/3672-Inglewood-Blvd-90066/home/6739217,CRISNet,SR20155134,N,Y,34.0087661,-118.4306159,
PAST SALE,November-13-2020,Single Family Residential,3500 Moore St,Los Angeles,CA,90066,2165000,5,3,Palms - Mar Vista,2732,8059,1948,333,792,,Sold,,,http://www.redfin.com/CA/Los-Angeles/3500-Moore-St-90066/home/6746537,TheMLS,20-600154,N,Y,34.0065872,-118.4449671,
PAST SALE,January-29-2021,Single Family Residential,3528 Ashwood Ave,Los Angeles,CA,90066,2670000,4,4.5,Palms - Mar Vista,2900,4901,2020,256,921,,Sold,,,http://www.redfin.com/CA/Los-Angeles/3528-Ashwood-Ave-90066/home/6745994,TheMLS,20-661778,N,Y,34.0037487,-118.4486877,
PAST SALE,January-6-2021,Single Family Residential,3127 Glendon Ave,Los Angeles,CA,90034,1999999,3,3,Palms - Mar Vista,2409,5561,1940,279,830,,Sold,,,http://www.redfin.com/CA/Los-Angeles/3127-Glendon-Ave-90034/home/6752680,TheMLS,20-650376,N,Y,34.028655,-118.4198929,2.5
PAST SALE,January-8-2021,Single Family Residential,3645 Moore St,Los Angeles,CA,90066,2956650,4,4.5,C13 - Palms - Mar Vista,3334,5758,2021,277,887,,Sold,,,http://www.redfin.com/CA/Los-Angeles/3645-Moore-St-90066/home/6746152,i-Tech MLS,320004537,N,Y,34.0037444,-118.4434111,
PAST SALE,August-11-2021,Single Family Residential,3035 S Bentley Ave,Los Angeles,CA,90034,1250000,3,2,Palms - Mar Vista,,7259,1951,62,,,Sold,,,http://www.redfin.com/CA/Los-Angeles/3035-S-Bentley-Ave-90034/home/6751079,TheMLS,21-745450,N,Y,34.0273014,-118.4267326,
PAST SALE,April-28-2021,Single Family Residential,3045 Kelton Ave,Los Angeles,CA,90034,3075000,5,5,Palms - Mar Vista,3200,6441,2021,167,961,,Sold,,,http://www.redfin.com/CA/Los-Angeles/3045-Kelton-Ave-90034/home/6752578,TheMLS,21-680392,N,Y,34.0285281,-118.4219922,
PAST SALE,,Single Family Residential,3188 S Bentley Ave,Los Angeles,CA,90034,1943000,3,2,,1965,6981,1951,,989,,,,,http://www.redfin.com/CA/Los-Angeles/3188-S-Bentley-Ave-90034/home/6751065,,,N,Y,34.0249794,-118.4245565,
PAST SALE,March-2-2021,Single Family Residential,10752 National Pl,Los Angeles,CA,90034,1270000,4,4,C13 - Palms - Mar Vista,1756,6681,1940,224,723,,Sold,,,http://www.redfin.com/CA/Los-Angeles/10752-National-Pl-90034/home/6752723,CRMLS,PW20226236,N,Y,34.0300462,-118.4180226,
PAST SALE,September-8-2021,Single Family Residential,3027 Malcolm Ave,Los Angeles,CA,90034,1286000,2,1,Palms - Mar Vista,905,5830,1941,34,1421,,Sold,,,http://www.redfin.com/CA/Los-Angeles/3027-Malcolm-Ave-90034/home/6752511,TheMLS,21-728202,N,Y,34.0303762,-118.4196329,
PAST SALE,December-10-2020,Single Family Residential,11512 Marco Pl,Los Angeles,CA,90066,1899080,3,3,Palms - Mar Vista,2203,6038,1978,306,862,,Sold,,,http://www.redfin.com/CA/Los-Angeles/11512-Marco-Pl-90066/home/6749825,TheMLS,20-650962,N,Y,34.0143554,-118.4268296,
PAST SALE,October-28-2020,Single Family Residential,3212 Corinth Ave,Los Angeles,CA,90066,1721000,3,2,Palms - Mar Vista,1667,7503,1948,349,1032,,Sold,,,http://www.redfin.com/CA/Los-Angeles/3212-Corinth-Ave-90066/home/6750627,TheMLS,20-633216,N,Y,34.0227698,-118.4297959,
PAST SALE,September-10-2021,Single Family Residential,11459 Rose Ave,Los Angeles,CA,90066,2825000,4,3,Palms - Mar Vista,2606,5416,2016,32,1084,,Sold,,,http://www.redfin.com/CA/Los-Angeles/11459-Rose-Ave-90066/home/6749345,TheMLS,21-764172,N,Y,34.0185436,-118.4303593,
PAST SALE,September-3-2021,Single Family Residential,3318 Colby Ave,Los Angeles,CA,90066,3477825,4,4.5,C13 - Palms - Mar Vista,3410,7080,2013,39,1020,,Sold,,,http://www.redfin.com/CA/Los-Angeles/3318-Colby-Ave-90066/home/6750495,CRMLS,SB21129590,N,Y,34.0196966,-118.4308649,1.5
PAST SALE,June-29-2021,Single Family Residential,11344 Kingsland St,Los Angeles,CA,90066,2100000,3,2,Palms - Mar Vista,1728,7413,1948,105,1215,,Sold,,,http://www.redfin.com/CA/Los-Angeles/11344-Kingsland-St-90066/home/6749322,TheMLS,21-713884,N,Y,34.0199017,-118.428414,
PAST SALE,April-23-2021,Single Family Residential,11431 Rose Ave,Los Angeles,CA,90066,1820000,3,2,Palms - Mar Vista,1934,5463,1951,172,941,,Sold,,,http://www.redfin.com/CA/Los-Angeles/11431-Rose-Ave-90066/home/6749340,TheMLS,21-701026,N,Y,34.0189259,-118.4296259,
PAST SALE,July-8-2021,Single Family Residential,3160 Mountain View Ave,Los Angeles,CA,90066,2475000,5,3,Palms - Mar Vista,2772,6914,1948,96,893,,Sold,,,http://www.redfin.com/CA/Los-Angeles/3160-Mountain-View-Ave-90066/home/6748533,TheMLS,21-731060,N,Y,34.017449,-118.4412811,
PAST SALE,May-28-2021,Single Family Residential,12017 Thermo St,Los Angeles,CA,90066,1972000,3,2,Palms - Mar Vista,1205,5998,1948,137,1637,,Sold,,,http://www.redfin.com/CA/Los-Angeles/12017-Thermo-St-90066/home/6748570,TheMLS,21-718684,N,Y,34.0177358,-118.4390092,
PAST SALE,September-30-2021,Single Family Residential,3242 Barry Ave,Los Angeles,CA,90066,1755000,3,2,Palms - Mar Vista,1722,6441,1947,12,1019,,Sold,,,http://www.redfin.com/CA/Los-Angeles/3242-Barry-Ave-90066/home/6750242,TheMLS,21-775022,N,Y,34.0192988,-118.4342218,
PAST SALE,July-8-2021,Single Family Residential,3708 Coolidge Ave,Los Angeles,CA,90066,2420000,3,3,Palms - Mar Vista,2262,8130,1953,96,1070,,Sold,,,http://www.redfin.com/CA/Los-Angeles/3708-Coolidge-Ave-90066/home/6739024,TheMLS,21-731082,N,Y,34.0109337,-118.4250042,
PAST SALE,January-14-2021,Single Family Residential,11602 Francis Pl,Los Angeles,CA,90066,2400000,4,3,Palms - Mar Vista,2813,5419,2020,271,853,,Sold,,,http://www.redfin.com/CA/Los-Angeles/11602-Francis-Pl-90066/home/6739061,TheMLS,20-647868,N,Y,34.012219,-118.42578,
PAST SALE,August-3-2021,Single Family Residential,11419 Charnock Rd,Los Angeles,CA,90066,1430000,3,2,Palms - Mar Vista,1251,4904,1947,70,1143,,Sold,,,http://www.redfin.com/CA/Los-Angeles/11419-Charnock-Rd-90066/home/6749891,TheMLS,21-728498,N,Y,34.0138436,-118.425084,
PAST SALE,,Single Family Residential,3614 Sawtelle Blvd,Los Angeles,CA,90066,1100000,3,2,,1444,6398,1941,,762,,,,,http://www.redfin.com/CA/Los-Angeles/3614-Sawtelle-Blvd-90066/home/6738737,,,N,Y,34.0147517,-118.4220094,
PAST SALE,October-30-2020,Single Family Residential,11416 Mccune Ave,Los Angeles,CA,90066,1324000,3,1.5,Palms - Mar Vista,1930,4801,1966,347,686,,Sold,,,http://www.redfin.com/CA/Los-Angeles/11416-McCune-Ave-90066/home/6738944,TheMLS,20-620544,N,Y,34.0113349,-118.422768,0.8
PAST SALE,November-25-2020,Single Family Residential,3460 Military Ave,Los Angeles,CA,90034,1475000,2,2,Palms - Mar Vista,1244,5942,2007,321,1186,,Sold,,,http://www.redfin.com/CA/Los-Angeles/3460-Military-Ave-90034/home/6751346,TheMLS,20-647386,N,Y,34.021416,-118.4194622,
PAST SALE,June-15-2021,Single Family Residential,3418 Keeshen Dr,Los Angeles,CA,90066,3400000,5,4.5,Palms - Mar Vista,3952,5856,2006,119,860,,Sold,,,http://www.redfin.com/CA/Los-Angeles/3418-Keeshen-Dr-90066/home/6748854,TheMLS,21-736554,N,Y,34.0140566,-118.435882,
PAST SALE,November-19-2020,Single Family Residential,3296 Inglewood Blvd,Los Angeles,CA,90066,2650000,5,3,Palms - Mar Vista,2350,7491,1947,327,1128,,Sold,,,http://www.redfin.com/CA/Los-Angeles/3296-Inglewood-Blvd-90066/home/6750124,TheMLS,20-614748,N,Y,34.0158871,-118.4363159,
PAST SALE,March-12-2021,Single Family Residential,12510 Victoria Ave,Los Angeles,CA,90066,2025000,3,3,Palms - Mar Vista,1712,6169,1955,214,1183,,Sold,,,http://www.redfin.com/CA/Los-Angeles/12510-Victoria-Ave-90066/home/6747095,TheMLS,21-678718,N,Y,34.0057498,-118.4367323,
PAST SALE,March-10-2021,Single Family Residential,3718 Colonial Ave,Los Angeles,CA,90066,2467500,4,3,Palms - Mar Vista,2808,5616,1941,216,879,,Sold,,,http://www.redfin.com/CA/Los-Angeles/3718-Colonial-Ave-90066/home/6747117,TheMLS,21-684764,N,Y,34.0056531,-118.4360021,
PAST SALE,April-2-2021,Single Family Residential,3774 Boise Ave,Los Angeles,CA,90066,2550000,3,2.5,Palms - Mar Vista,2032,5503,1939,193,1255,,Sold,,,http://www.redfin.com/CA/Los-Angeles/3774-Boise-Ave-90066/home/6747176,TheMLS,21-703872,N,Y,34.0032813,-118.4366866,
PAST SALE,October-6-2021,Single Family Residential,12616 Woodgreen St,Los Angeles,CA,90066,1950000,3,2,Palms - Mar Vista,1793,6625,1941,6,1088,,Sold,,,http://www.redfin.com/CA/Los-Angeles/12616-Woodgreen-St-90066/home/6746648,TheMLS,21-773104,N,Y,34.0081582,-118.4411586,
PAST SALE,October-22-2020,Single Family Residential,12731 Woodgreen St,Los Angeles,CA,90066,1580000,4,2,C13 - Palms - Mar Vista,1734,6928,1950,355,911,,Sold,,,http://www.redfin.com/CA/Los-Angeles/12731-Woodgreen-St-90066/home/6746586,CRMLS,PW20161525,N,Y,34.0070996,-118.4433033,
PAST SALE,,Single Family Residential,12719 Westminster Ave,Los Angeles,CA,90066,1600000,4,2,,1722,5784,1950,,929,,,,,http://www.redfin.com/CA/Los-Angeles/12719-Westminster-Ave-90066/home/6746603,,,N,Y,34.0067574,-118.4424363,
PAST SALE,,Single Family Residential,12579 Woodgreen St,Los Angeles,CA,90066,1400000,4,2,,1359,6462,1941,,1030,,,,,http://www.redfin.com/CA/Los-Angeles/12579-Woodgreen-St-90066/home/6746634,,,N,Y,34.0087256,-118.4409604,0.9
PAST SALE,April-16-2021,Single Family Residential,12632 Woodgreen St,Los Angeles,CA,90066,2050000,4,3,Palms - Mar Vista,2236,6250,1941,179,917,,Sold,,,http://www.redfin.com/CA/Los-Angeles/12632-Woodgreen-St-90066/home/6746645,TheMLS,21-700392,N,Y,34.0079465,-118.4415236,
PAST SALE,September-20-2021,Single Family Residential,3601 Wade St,Los Angeles,CA,90066,3265000,4,3.5,Palms - Mar Vista,2891,6020,2013,22,1129,,Sold,,,http://www.redfin.com/CA/Los-Angeles/3601-Wade-St-90066/home/6746898,TheMLS,21-762138,N,Y,34.0059408,-118.4417062,
PAST SALE,October-8-2021,Single Family Residential,3486 Wade St,Los Angeles,CA,90066,3450000,5,3.5,Palms - Mar Vista,3958,6670,2017,4,872,,Sold,,,http://www.redfin.com/CA/Los-Angeles/3486-Wade-St-90066/home/6747962,TheMLS,21-718732,N,Y,34.008674,-118.4428987,
PAST SALE,March-30-2021,Single Family Residential,3444 S Bentley Ave,Los Angeles,CA,90034,1205000,3,1,Palms - Mar Vista,1178,5783,1941,196,1023,,Sold,,,http://www.redfin.com/CA/Los-Angeles/3444-S-Bentley-Ave-90034/home/6751382,TheMLS,21-686362,N,Y,34.0210309,-118.4212324,
PAST SALE,March-8-2021,Single Family Residential,3409 Stoner Ave,Los Angeles,CA,90066,1735000,3,2,Palms - Mar Vista,1580,6580,1946,218,1098,,Sold,,,http://www.redfin.com/CA/Los-Angeles/3409-Stoner-Ave-90066/home/6749459,TheMLS,21-682654,N,Y,34.0157403,-118.4326252,
PAST SALE,,Single Family Residential,3491 Federal Ave,Los Angeles,CA,90066,1560000,3,1,,1410,6060,1951,,1106,,,,,http://www.redfin.com/CA/Los-Angeles/3491-Federal-Ave-90066/home/6749758,,,N,Y,34.0138506,-118.4301154,
PAST SALE,April-30-2021,Single Family Residential,3430 Federal Ave,Los Angeles,CA,90066,1510000,4,2.5,Palms - Mar Vista,1614,5390,1951,165,936,,Sold,,,http://www.redfin.com/CA/Los-Angeles/3430-Federal-Ave-90066/home/6749785,TheMLS,21-702342,N,Y,34.0154051,-118.4307727,
PAST SALE,May-18-2021,Single Family Residential,3401 Colbert Ave,Los Angeles,CA,90066,3510000,5,5.5,Palms - Mar Vista,3477,5986,2019,147,1009,,Sold,,,http://www.redfin.com/CA/Los-Angeles/3401-Colbert-Ave-90066/home/6749368,TheMLS,21-711126,N,Y,34.017724,-118.4309368,
PAST SALE,December-15-2020,Single Family Residential,3977 Berryman Ave,Los Angeles,CA,90066,1695000,4,2,Palms - Mar Vista,1444,5009,1947,301,1174,,Sold,,,http://www.redfin.com/CA/Los-Angeles/3977-Berryman-Ave-90066/home/6727072,TheMLS,20-653134,N,Y,34.0059472,-118.4204861,
PAST SALE,,Single Family Residential,3621 Barry Ave,Los Angeles,CA,90066,3500000,5,4.5,,3563,7308,1938,,982,,,,,http://www.redfin.com/CA/Los-Angeles/3621-Barry-Ave-90066/home/6739171,,,N,Y,34.011234,-118.4286132,0.7
PAST SALE,October-14-2020,Single Family Residential,3630 S Barrington Ave,Los Angeles,CA,90066,3800000,5,5.5,Palms - Mar Vista,4360,7822,2020,363,872,,Sold,,,http://www.redfin.com/CA/Los-Angeles/3630-S-Barrington-Ave-90066/home/6739157,TheMLS,20-583112,N,Y,34.0106904,-118.4290948,
PAST SALE,October-23-2020,Single Family Residential,3622 Coolidge Ave,Los Angeles,CA,90066,1900000,4,2.5,Palms - Mar Vista,3375,6544,1992,354,563,,Sold,,,http://www.redfin.com/CA/Los-Angeles/3622-Coolidge-Ave-90066/home/6739035,TheMLS,20-619694,N,Y,34.0125562,-118.4255518,
PAST SALE,December-18-2020,Single Family Residential,11607 Regent St,Los Angeles,CA,90066,1370000,3,2,Palms - Mar Vista,1393,5215,1952,298,983,,Sold,,,http://www.redfin.com/CA/Los-Angeles/11607-Regent-St-90066/home/6739059,TheMLS,20-632066,N,Y,34.011859,-118.42578,
PAST SALE,March-11-2021,Single Family Residential,3563 Purdue Ave,Los Angeles,CA,90066,2625000,5,6,Palms - Mar Vista,2874,5802,2017,215,913,,Sold,,,http://www.redfin.com/CA/Los-Angeles/3563-Purdue-Ave-90066/home/6749893,TheMLS,21-683710,N,Y,34.0142732,-118.424879,
PAST SALE,July-16-2021,Single Family Residential,3548 Purdue Ave,Los Angeles,CA,90066,1475000,3,1,C13 - Palms - Mar Vista,1125,5799,1947,88,1311,,Sold,,,http://www.redfin.com/CA/Los-Angeles/3548-Purdue-Ave-90066/home/6749933,CRISNet,SR21044223,N,Y,34.0147852,-118.4246391,
PAST SALE,June-1-2021,Single Family Residential,11801 Stanwood Dr,Los Angeles,CA,90066,3600000,6,7,Palms - Mar Vista,4630,8930,2005,133,778,,Sold,,,http://www.redfin.com/CA/Los-Angeles/11801-Stanwood-Dr-90066/home/6750076,TheMLS,21-709962,N,Y,34.0197543,-118.4379636,
PAST SALE,June-17-2021,Single Family Residential,12000 Marine St,Los Angeles,CA,90066,2213000,3,2.5,Palms - Mar Vista,1806,5447,1948,117,1225,,Sold,,,http://www.redfin.com/CA/Los-Angeles/12000-Marine-St-90066/home/6748459,TheMLS,21-729670,N,Y,34.0200201,-118.4401091,
PAST SALE,,Single Family Residential,12022 Marine St,Los Angeles,CA,90066,1650000,3,1,,1158,5500,1948,,1425,,,,,http://www.redfin.com/CA/Los-Angeles/12022-Marine-St-90066/home/6748463,,,N,Y,34.0196597,-118.4407479,
PAST SALE,March-16-2021,Single Family Residential,12007 Dewey St,Los Angeles,CA,90066,1788000,3,2,Palms - Mar Vista,1665,5500,1948,210,1074,,Sold,,,http://www.redfin.com/CA/Los-Angeles/12007-Dewey-St-90066/home/6748518,TheMLS,21-686688,N,Y,34.0191009,-118.4396061,
PAST SALE,,Single Family Residential,3238 S Barrington Ave,Los Angeles,CA,90066,2850000,3,3,,1733,8903,1947,,1645,,,,,http://www.redfin.com/CA/Los-Angeles/3238-S-Barrington-Ave-90066/home/6750217,,,N,Y,34.0188857,-118.4352224,1.5
PAST SALE,October-1-2021,Single Family Residential,11711 W Indianapolis St,Los Angeles,CA,90066,1799000,4,3.5,Palms - Mar Vista,2123,1982,2021,11,847,192,Sold,,,http://www.redfin.com/CA/Los-Angeles/11711-Indianapolis-St-90066/home/176299508,TheMLS,21-779060,N,Y,34.0179703,-118.4346012,
PAST SALE,,Single Family Residential,3231 Coolidge Ave,Los Angeles,CA,90066,2500000,3,3,,1940,7245,1948,,1289,,,,,http://www.redfin.com/CA/Los-Angeles/3231-Coolidge-Ave-90066/home/6750394,,,N,Y,34.0204046,-118.4331734,
PAST SALE,July-16-2021,Single Family Residential,3966 Bledsoe Ave,Los Angeles,CA,90066,1350000,3,1,Palms - Mar Vista,1127,6251,1947,88,1198,,Sold,,,http://www.redfin.com/CA/Los-Angeles/3966-Bledsoe-Ave-90066/home/6726871,TheMLS,21-761798,N,Y,34.0072053,-118.4186606,
PAST SALE,February-19-2021,Single Family Residential,3946 Minerva Ave,Los Angeles,CA,90066,1800000,3,2,Palms - Mar Vista,1546,6490,1949,235,1164,,Sold,,,http://www.redfin.com/CA/Los-Angeles/3946-Minerva-Ave-90066/home/6726911,TheMLS,21-679182,N,Y,34.0072276,-118.4198472,
PAST SALE,,Single Family Residential,12218 Lawler St,Los Angeles,CA,90066,2000000,3,2,,1732,5155,1955,,1155,,,,,http://www.redfin.com/CA/Los-Angeles/12218-Lawler-St-90066/home/6748709,,,N,Y,34.01244,-118.4379643,
PAST SALE,August-30-2021,Single Family Residential,3441 Grand View Blvd,Los Angeles,CA,90066,3900000,4,2.5,Palms - Mar Vista,2901,16566,1961,43,1344,,Sold,,,http://www.redfin.com/CA/Los-Angeles/3441-Grand-View-Blvd-90066/home/6748732,TheMLS,21-769700,N,Y,34.0121485,-118.43801,
PAST SALE,April-30-2021,Single Family Residential,3514 Ocean View Ave,Mar Vista,CA,90066,2460000,3,3.5,C13 - Palms - Mar Vista,3200,10888,1947,165,769,,Sold,,,http://www.redfin.com/CA/Los-Angeles/3514-Ocean-View-Ave-90066/home/6748996,CRMLS,SB20238616,N,Y,34.0109253,-118.4371524,
PAST SALE,September-10-2021,Single Family Residential,3547 Ocean View Ave,Los Angeles,CA,90066,3700000,5,5,Palms - Mar Vista,3606,9588,1951,32,1026,,Sold,,,http://www.redfin.com/CA/Los-Angeles/3547-Ocean-View-Ave-90066/home/6749023,TheMLS,21-766586,N,Y,34.0098923,-118.4369604,
PAST SALE,,Single Family Residential,12519 Appleton Way,Los Angeles,CA,90066,1330000,2,1,,1187,5751,1946,,1120,,,,,http://www.redfin.com/CA/Los-Angeles/12519-Appleton-Way-90066/home/6748180,,,N,Y,34.0109408,-118.4410673,
PAST SALE,July-30-2021,Single Family Residential,12531 Preston Way,Los Angeles,CA,90066,2430000,4,3,Palms - Mar Vista,2797,5738,1946,74,869,,Sold,,,http://www.redfin.com/CA/Los-Angeles/12531-Preston-Way-90066/home/6748222,TheMLS,21-715572,N,Y,34.0101297,-118.4407935,0.9
PAST SALE,August-30-2021,Single Family Residential,3646 Sawtelle Blvd,Los Angeles,CA,90066,1340000,2,2,Palms - Mar Vista,1413,6396,1941,43,948,,Sold,,,http://www.redfin.com/CA/Los-Angeles/3646-Sawtelle-Blvd-90066/home/6738744,TheMLS,21-730332,N,Y,34.0139521,-118.4213704,
PAST SALE,November-24-2020,Single Family Residential,3657 Sawtelle Blvd,Los Angeles,CA,90066,1226050,2,1.5,Palms - Mar Vista,1042,6373,1936,322,1177,,Sold,,,http://www.redfin.com/CA/Los-Angeles/3657-Sawtelle-Blvd-90066/home/6738852,TheMLS,20-631272,N,Y,34.013511,-118.4217357,
PAST SALE,,Single Family Residential,3430 Veteran Ave,Los Angeles,CA,90034,1329000,4,3,,1937,6188,1939,,686,,,,,http://www.redfin.com/CA/Los-Angeles/3430-Veteran-Ave-90034/home/6752997,,,N,Y,34.0230516,-118.4182621,
PAST SALE,April-6-2021,Single Family Residential,3105 Colby Ave,Los Angeles,CA,90066,3217500,5,5.5,Palms - Mar Vista,3484,6962,2020,189,924,,Sold,,,http://www.redfin.com/CA/Los-Angeles/3105-Colby-Ave-90066/home/6750342,TheMLS,20-664624,N,Y,34.0235663,-118.4345875,
PAST SALE,August-16-2021,Single Family Residential,3146 Federal Ave,Los Angeles,CA,90066,2150000,3,2,C13 - Palms - Mar Vista,1738,7200,1948,57,1237,,Sold,,,http://www.redfin.com/CA/Los-Angeles/3146-Federal-Ave-90066/home/6750378,CRISNet,SR21130280,N,Y,34.0218312,-118.4348151,
PAST SALE,February-18-2021,Single Family Residential,3671 Boise Ave,Los Angeles,CA,90066,1800000,3,2,Palms - Mar Vista,1668,5742,1947,236,1079,,Sold,,,http://www.redfin.com/CA/Los-Angeles/3671-Boise-Ave-90066/home/6746811,TheMLS,20-629324,N,Y,34.0053028,-118.4388314,
PAST SALE,July-26-2021,Single Family Residential,3661 May St,Los Angeles,CA,90066,1530000,3,2,Palms - Mar Vista,1298,5854,1947,78,1179,,Sold,,,http://www.redfin.com/CA/Los-Angeles/3661-May-St-90066/home/6746916,TheMLS,21-751962,N,Y,34.0041069,-118.4413755,
PAST SALE,July-30-2021,Single Family Residential,3253 Mountain View Ave,Los Angeles,CA,90066,3757757,5,4.5,C13 - Palms - Mar Vista,3524,6004,2021,74,1066,,Sold,,,http://www.redfin.com/CA/Los-Angeles/3253-Mountain-View-Ave-90066/home/6748631,CRISNet,SR21095287,N,Y,34.0163261,-118.4395151,
PAST SALE,,Single Family Residential,3238 Grand View Blvd,Los Angeles,CA,90066,1750000,3,2,,1341,6367,1947,,1305,,,,,http://www.redfin.com/CA/Los-Angeles/3238-Grand-View-Blvd-90066/home/6748652,,,N,Y,34.0162103,-118.4402927,
PAST SALE,January-19-2021,Single Family Residential,3400 Granville Ave,Los Angeles,CA,90066,1749000,3,2,Palms - Mar Vista,1398,7077,1946,266,1251,,Sold,,,http://www.redfin.com/CA/Los-Angeles/3400-Granville-Ave-90066/home/6749446,TheMLS,20-664582,N,Y,34.0156134,-118.4339521,1.3
PAST SALE,March-17-2021,Single Family Residential,3412 Halderman St,Los Angeles,CA,90066,4929000,4,4,Palms - Mar Vista,4474,9933,2016,209,1102,,Sold,,,http://www.redfin.com/CA/Los-Angeles/3412-Halderman-St-90066/home/6747801,TheMLS,21-695422,N,Y,34.0092517,-118.4460411,
PAST SALE,,Single Family Residential,3475 Meier St,Los Angeles,CA,90066,2650000,3,3,,3302,5673,2006,,803,,,,,http://www.redfin.com/CA/Los-Angeles/3475-Meier-St-90066/home/6747828,,,N,Y,34.0078545,-118.4450009,
PAST SALE,,Single Family Residential,3440 Meier St,Los Angeles,CA,90066,2895000,5,5.5,,3593,6918,2021,,806,,,,,http://www.redfin.com/CA/Los-Angeles/3440-Meier-St-90066/home/6747855,,,N,Y,34.0088803,-118.4452601,
PAST SALE,,Single Family Residential,3475 Moore St,Los Angeles,CA,90066,2865000,5,5,,3247,5617,1943,,882,,,,,http://www.redfin.com/CA/Los-Angeles/3475-Moore-St-90066/home/6745319,,,N,Y,34.0071566,-118.4458559,
PAST SALE,September-8-2021,Single Family Residential,3625 Beethoven St,Los Angeles,CA,90066,1840000,3,2.5,Palms - Mar Vista,1774,4798,1948,34,1037,,Sold,,,http://www.redfin.com/CA/Los-Angeles/3625-Beethoven-St-90066/home/6746189,TheMLS,21-729102,N,Y,34.0037658,-118.444518,
PAST SALE,September-24-2021,Single Family Residential,1742 Walgrove Ave,Los Angeles,CA,90066,1550000,3,2.5,Palms - Mar Vista,1409,2499,2021,18,1100,,Sold,,,http://www.redfin.com/CA/Los-Angeles/1742-Walgrove-Ave-90066/home/176123058,TheMLS,21-772416,N,Y,34.0048045,-118.4518531,
PAST SALE,September-27-2021,Single Family Residential,1738 Walgrove Ave,Los Angeles,CA,90066,1550000,3,2.5,Palms - Mar Vista,1409,2498,2021,15,1100,,Sold,,,http://www.redfin.com/CA/Los-Angeles/1738-Walgrove-Ave-90066/home/6745767,TheMLS,21-760706,N,Y,34.0048279,-118.4519074,
PAST SALE,August-23-2021,Single Family Residential,1830 Walgrove Ave,Los Angeles,CA,90066,1305000,3,2,Palms - Mar Vista,952,2496,1950,50,1371,,Sold,,,http://www.redfin.com/CA/Los-Angeles/1830-Walgrove-Ave-90066/home/6745779,TheMLS,21-763298,N,Y,34.0039988,-118.4512153,
PAST SALE,August-18-2021,Single Family Residential,3449 Redwood Ave,Los Angeles,CA,90066,1571500,2,2,Palms - Mar Vista,1188,4902,1947,55,1323,,Sold,,,http://www.redfin.com/CA/Los-Angeles/3449-Redwood-Ave-90066/home/6745797,TheMLS,21-758616,N,Y,34.0050102,-118.4514953,
PAST SALE,March-24-2021,Single Family Residential,12807 Stanwood Dr,Los Angeles,CA,90066,2175000,4,3.5,Palms - Mar Vista,2146,5996,1953,202,1014,,Sold,,,http://www.redfin.com/CA/Los-Angeles/12807-Stanwood-Dr-90066/home/6747677,TheMLS,21-685396,N,Y,34.0123251,-118.4495505,1.6
PAST SALE,,Single Family Residential,12801 Stanwood Dr,Los Angeles,CA,90066,3250000,4,4,,2973,5500,2018,,1093,,,,,http://www.redfin.com/CA/Los-Angeles/12801-Stanwood-Dr-90066/home/6747678,,,N,Y,34.0123714,-118.4493791,
PAST SALE,November-24-2020,Single Family Residential,3317 Cabrillo Blvd,Los Angeles,CA,90066,2227000,4,3,Palms - Mar Vista,2267,6049,1949,322,982,,Sold,,,http://www.redfin.com/CA/Los-Angeles/3317-Cabrillo-Blvd-90066/home/6747878,TheMLS,20-640050,N,Y,34.0115696,-118.4468992,
PAST SALE,,Single Family Residential,3320 Cabrillo Blvd,Los Angeles,CA,90066,3800000,3,2,,1637,7671,1949,,2321,,,,,http://www.redfin.com/CA/Los-Angeles/3320-Cabrillo-Blvd-90066/home/6747905,,,N,Y,34.011754,-118.4462693,
PAST SALE,October-13-2020,Single Family Residential,3366 Halderman St,Mar Vista,CA,90066,1800000,4,2,C13 - Palms - Mar Vista,1434,6042,1953,364,1255,,Sold,,,http://www.redfin.com/CA/Los-Angeles/3366-Halderman-St-90066/home/6747794,CRMLS,CV20189196,N,Y,34.0101311,-118.4467649,
PAST SALE,August-16-2021,Single Family Residential,11924 Palms Blvd,Los Angeles,CA,90066,3005000,4,4,C13 - Palms - Mar Vista,3532,6091,2005,57,851,,Sold,,,http://www.redfin.com/CA/Los-Angeles/11924-Palms-Blvd-90066/home/6749576,CRMLS,SB21126636,N,Y,34.0130777,-118.4335992,
PAST SALE,December-3-2020,Single Family Residential,3583 Inglewood Blvd,Los Angeles,CA,90066,3150000,5,5.5,Palms - Mar Vista,3653,8073,2020,313,862,,Sold,,,http://www.redfin.com/CA/Los-Angeles/3583-Inglewood-Blvd-90066/home/6748908,TheMLS,20-618162,N,Y,34.0105001,-118.4326238,
PAST SALE,January-5-2021,Single Family Residential,3853 Marcasel Ave,Los Angeles,CA,90066,2400000,4,4,Palms - Mar Vista,3493,7207,2020,280,687,,Sold,,,http://www.redfin.com/CA/Los-Angeles/3853-Marcasel-Ave-90066/home/6727383,TheMLS,20-649668,N,Y,34.0053841,-118.4272004,
PAST SALE,September-3-2021,Single Family Residential,3226 Selby Ave,Los Angeles,CA,90034,2275000,4,3,Palms - Mar Vista,2661,6256,1940,39,855,,Sold,,,http://www.redfin.com/CA/Los-Angeles/3226-Selby-Ave-90034/home/6752735,TheMLS,21-738252,N,Y,34.0290853,-118.4167438,
PAST SALE,July-22-2021,Single Family Residential,3203 Selby Ave,Los Angeles,CA,90034,3550000,5,6,Palms - Mar Vista,3832,7358,2016,82,926,,Sold,,,http://www.redfin.com/CA/Los-Angeles/3203-Selby-Ave-90034/home/6752775,TheMLS,21-730482,N,Y,34.02945,-118.41723,
PAST SALE,June-8-2021,Single Family Residential,3219 Malcolm Ave,Los Angeles,CA,90034,2827000,4,4.5,Palms - Mar Vista,,5619,2021,126,,,Sold,,,http://www.redfin.com/CA/Los-Angeles/3219-Malcolm-Ave-90034/home/6752818,TheMLS,21-702754,N,Y,34.0285889,-118.4181146,2.6
PAST SALE,April-23-2021,Single Family Residential,3721 Barry Ave,Los Angeles,CA,90066,2850000,5,2,Palms - Mar Vista,2701,9107,1941,172,1055,,Sold,,,http://www.redfin.com/CA/Los-Angeles/3721-Barry-Ave-90066/home/6739145,TheMLS,21-683538,N,Y,34.0092867,-118.4270894,
PAST SALE,November-23-2020,Single Family Residential,11925 Mccune Ave,Los Angeles,CA,90066,2250000,3,2,Palms - Mar Vista,,10780,1954,323,,,Sold,,,http://www.redfin.com/CA/Los-Angeles/11925-McCune-Ave-90066/home/6739258,TheMLS,20-654924,N,Y,34.0083815,-118.428662,
PAST SALE,December-21-2020,Single Family Residential,3413 Moore St,Los Angeles,CA,90066,1699000,2,2.5,Palms - Mar Vista,2058,6771,1953,295,826,,Sold,,,http://www.redfin.com/CA/Los-Angeles/3413-Moore-St-90066/home/6745262,TheMLS,20-634602,N,Y,34.0082941,-118.4467484,
PAST SALE,January-12-2021,Single Family Residential,3425 Greenwood Ave,Los Angeles,CA,90066,2758000,4,4.5,Palms - Mar Vista,3144,6000,1953,273,877,,Sold,,,http://www.redfin.com/CA/Los-Angeles/3425-Greenwood-Ave-90066/home/6745433,TheMLS,20-642382,N,Y,34.007787,-118.4486877,
PAST SALE,April-7-2021,Single Family Residential,13024 Morningside Way,Mar Vista,CA,90066,2400000,4,3,C13 - Palms - Mar Vista,2128,6290,1953,188,1128,,Sold,,,http://www.redfin.com/CA/Los-Angeles/13024-Morningside-Way-90066/home/6745463,CRMLS,SB21028103,N,Y,34.0082433,-118.4497371,
PAST SALE,August-18-2021,Single Family Residential,13042 Morningside Way,Los Angeles,CA,90066,2500000,4,3,Palms - Mar Vista,2026,7131,1953,55,1234,,Sold,,,http://www.redfin.com/CA/Los-Angeles/13042-Morningside-Way-90066/home/17139849,TheMLS,21-761442,N,Y,34.0078546,-118.4500109,
PAST SALE,,Single Family Residential,13122 Psomas Way,Los Angeles,CA,90066,2500000,5,4,,2929,6412,1953,,854,,,,,http://www.redfin.com/CA/Los-Angeles/13122-Psomas-Way-90066/home/6745487,,,N,Y,34.007596,-118.4518361,
PAST SALE,,Single Family Residential,11809 Allaseba Dr,Los Angeles,CA,90066,2650000,3,2,,1992,9048,1950,,1330,,,,,http://www.redfin.com/CA/Los-Angeles/11809-Allaseba-Dr-90066/home/6750061,,,N,Y,34.0189093,-118.4375033,
PAST SALE,,Single Family Residential,3630 Beethoven St,Los Angeles,CA,90066,1033000,,,,,5751,,,,,,,,http://www.redfin.com/CA/Los-Angeles/3630-Beethoven-St-90066/home/6746167,,,N,Y,34.0038626,-118.4440269,
PAST SALE,November-5-2020,Single Family Residential,3604 Meier St,Los Angeles,CA,90066,2374000,4,3,Palms - Mar Vista,3110,5874,2000,341,763,,Sold,,,http://www.redfin.com/CA/Los-Angeles/3604-Meier-St-90066/home/6746900,TheMLS,20-636008,N,Y,34.0051989,-118.4427652,1
PAST SALE,November-6-2020,Single Family Residential,3477 Wade St,Los Angeles,CA,90066,1725000,5,3,C13 - Palms - Mar Vista,2670,6996,1956,340,646,,Sold,,,http://www.redfin.com/CA/Los-Angeles/3477-Wade-St-90066/home/6747948,CRISNet,SR20045721,N,Y,34.0086561,-118.4434858,
PAST SALE,June-29-2021,Single Family Residential,3524 Mountain View Ave,Los Angeles,CA,90066,3688000,3,4.5,Palms - Mar Vista,3534,9587,2015,105,1044,,Sold,,,http://www.redfin.com/CA/Los-Angeles/3524-Mountain-View-Ave-90066/home/6748924,TheMLS,21-729548,N,Y,34.0118957,-118.4345564,
PAST SALE,,Single Family Residential,3520 Inglewood Blvd,Los Angeles,CA,90066,1775000,2,2,,1869,5996,1950,,950,,,,,http://www.redfin.com/CA/Los-Angeles/3520-Inglewood-Blvd-90066/home/6749570,,,N,Y,34.0122596,-118.4335179,
PAST SALE,September-29-2021,Single Family Residential,12531 Woodbine St,Los Angeles,CA,90066,2020000,3,2.5,Palms - Mar Vista,1664,5682,1947,13,1214,,Sold,,,http://www.redfin.com/CA/Los-Angeles/12531-Woodbine-St-90066/home/6748167,TheMLS,21-772382,N,Y,34.0114259,-118.4418431,
PAST SALE,August-9-2021,Single Family Residential,3307 S Bentley Ave,Los Angeles,CA,90034,2195000,3,2,Palms - Mar Vista,2297,10959,1958,64,956,,Sold,,,http://www.redfin.com/CA/Los-Angeles/3307-S-Bentley-Ave-90034/home/6751113,TheMLS,21-746108,N,Y,34.0231263,-118.4236076,
PAST SALE,,Single Family Residential,3230 S Barrington Ave,Los Angeles,CA,90066,3062500,3,2,,1715,8502,1947,,1786,,,,,http://www.redfin.com/CA/Los-Angeles/3230-S-Barrington-Ave-90066/home/6750216,,,N,Y,34.0189828,-118.4353136,
PAST SALE,,Single Family Residential,11815 Indianapolis St,Los Angeles,CA,90066,2100000,3,2,,1770,6977,1947,,1186,,,,,http://www.redfin.com/CA/Los-Angeles/11815-Indianapolis-St-90066/home/6750106,,,N,Y,34.016869,-118.435573,
PAST SALE,April-20-2021,Single Family Residential,12433 Stanwood Pl,Los Angeles,CA,90066,2133421,3,2,Palms - Mar Vista,1614,5832,1950,175,1322,,Sold,,,http://www.redfin.com/CA/Los-Angeles/12433-Stanwood-Pl-90066/home/6747364,TheMLS,21-699698,N,Y,34.015074,-118.4436797,
PAST SALE,March-5-2021,Single Family Residential,11341 Rose Ave,Los Angeles,CA,90066,2376000,4,4,Palms - Mar Vista,2448,5779,1953,221,971,,Sold,,,http://www.redfin.com/CA/Los-Angeles/11341-Rose-Ave-90066/home/6749308,TheMLS,21-681990,N,Y,34.0197276,-118.4280718,
PAST SALE,June-3-2021,Single Family Residential,11306 Rose Ave,Los Angeles,CA,90066,1575000,3,2,C13 - Palms - Mar Vista,1366,6497,1953,131,1153,,Sold,,,http://www.redfin.com/CA/Los-Angeles/11306-Rose-Ave-90066/home/6749280,CRMLS,SB21032512,N,Y,34.0197949,-118.4268296,1.6
PAST SALE,February-26-2021,Single Family Residential,11443 Woodbine St,Los Angeles,CA,90066,2450000,4,4.5,Palms - Mar Vista,3059,5614,2016,228,801,,Sold,,,http://www.redfin.com/CA/Los-Angeles/11443-Woodbine-St-90066/home/6749360,TheMLS,20-652228,N,Y,34.0181572,-118.4294924,
PAST SALE,January-12-2021,Single Family Residential,3178 S Bentley Ave,Los Angeles,CA,90034,1850000,3,2,Palms - Mar Vista,1797,5501,1951,273,1029,,Sold,,,http://www.redfin.com/CA/Los-Angeles/3178-S-Bentley-Ave-90034/home/6751063,TheMLS,20-656650,N,Y,34.0252347,-118.4247729,
PAST SALE,July-16-2021,Single Family Residential,3849 Bledsoe Ave,Los Angeles,CA,90066,1930000,3,2,Palms - Mar Vista,1973,5739,1948,88,978,,Sold,,,http://www.redfin.com/CA/Los-Angeles/3849-Bledsoe-Ave-90066/home/6726950,TheMLS,21-748836,N,Y,34.0090672,-118.4208056,
PAST SALE,,Single Family Residential,3855 Bledsoe Ave,Los Angeles,CA,90066,1430000,3,3,,1458,2869,,,981,,,,,http://www.redfin.com/CA/Los-Angeles/3855-Bledsoe-Ave-90066/home/174614093,,,N,Y,34.0089816,-118.4206687,
PAST SALE,April-20-2021,Single Family Residential,3166 Colby Ave,Los Angeles,CA,90066,2692000,5,5,Palms - Mar Vista,4003,7316,1948,175,672,,Sold,,,http://www.redfin.com/CA/Los-Angeles/3166-Colby-Ave-90066/home/6750327,TheMLS,21-704758,N,Y,34.0221904,-118.4327624,
PAST SALE,July-2-2021,Single Family Residential,3121 Corinth Ave,Los Angeles,CA,90066,1475000,3,2,Palms - Mar Vista,1783,7503,1948,102,827,,Sold,,,http://www.redfin.com/CA/Los-Angeles/3121-Corinth-Ave-90066/home/6750581,TheMLS,19-452428,N,Y,34.0242826,-118.4315757,
PAST SALE,September-27-2021,Single Family Residential,12957 Zanja St,Los Angeles,CA,90066,1630000,3,2,Palms - Mar Vista,1465,3444,1925,15,1113,,Sold,,,http://www.redfin.com/CA/Los-Angeles/12957-Zanja-St-90066/home/6740036,TheMLS,21-772408,N,Y,33.99702,-118.4405351,
PAST SALE,,Multi-Family (2-4 Unit),12737 Mitchell Ave,Los Angeles,CA,90066,2200000,3,2,,1867,7100,1940,,1178,,,,,http://www.redfin.com/CA/Los-Angeles/12737-Mitchell-Ave-90066/home/6740295,,,N,Y,33.99768,-118.436602,
PAST SALE,March-24-2021,Single Family Residential,12931 Mccune Ave,Los Angeles,CA,90066,1250000,3,2,Palms - Mar Vista,1572,5520,1963,202,795,,Sold,,,http://www.redfin.com/CA/Los-Angeles/12931-McCune-Ave-90066/home/6746386,TheMLS,21-710356,N,Y,34.0009514,-118.4432576,
PAST SALE,May-6-2021,Single Family Residential,11430 Clover Ave,Los Angeles,CA,90066,2930000,3,3.5,Palms - Mar Vista,2357,8199,1948,159,1243,,Sold,,,http://www.redfin.com/CA/Los-Angeles/11430-Clover-Ave-90066/home/6750315,TheMLS,21-720674,N,Y,34.0238642,-118.4335886,1.9
PAST SALE,May-7-2021,Single Family Residential,11438 Clover Ave,Los Angeles,CA,90066,2550000,3,3,Palms - Mar Vista,1885,8064,1948,158,1353,,Sold,,,http://www.redfin.com/CA/Los-Angeles/11438-Clover-Ave-90066/home/6750316,TheMLS,21-722632,N,Y,34.0237784,-118.4337711,
PAST SALE,January-27-2021,Single Family Residential,3904 Michael Ave,Los Angeles,CA,90066,1550000,2,1,Palms - Mar Vista,1488,5557,1947,258,1042,,Sold,,,http://www.redfin.com/CA/Los-Angeles/3904-Michael-Ave-90066/home/6740470,TheMLS,21-677548,N,Y,33.9963338,-118.4416948,
PAST SALE,May-11-2021,Single Family Residential,3560 Redwood Ave,Los Angeles,CA,90066,2860000,4,5,Palms - Mar Vista,3031,4903,2021,154,944,,Sold,,,http://www.redfin.com/CA/Los-Angeles/3560-Redwood-Ave-90066/home/6745970,TheMLS,21-689636,N,Y,34.0025413,-118.4490151,
PAST SALE,,Single Family Residential,3617 Redwood Ave,Los Angeles,CA,90066,1350000,3,2,,1094,5500,1950,,1234,,,,,http://www.redfin.com/CA/Los-Angeles/3617-Redwood-Ave-90066/home/6746319,,,N,Y,34.0016752,-118.4488573,
PAST SALE,April-26-2021,Single Family Residential,3633 Redwood Ave,Los Angeles,CA,90066,3105000,4,4.5,Palms - Mar Vista,3400,5500,2020,169,913,,Sold,,,http://www.redfin.com/CA/Los-Angeles/3633-Redwood-Ave-90066/home/6746324,TheMLS,20-617368,N,Y,34.0013216,-118.448688,
PAST SALE,November-13-2020,Single Family Residential,3712 Meier St,Los Angeles,CA,90066,1625000,3,3,Palms - Mar Vista,1444,5975,1927,333,1125,,Sold,,,http://www.redfin.com/CA/Los-Angeles/3712-Meier-St-90066/home/6746998,TheMLS,20-640676,N,Y,34.0032155,-118.4412499,
PAST SALE,February-26-2021,Single Family Residential,12137 Herbert St,Los Angeles,CA,90066,1400000,3,2,C13 - Palms - Mar Vista,1217,5000,1949,228,1150,,Sold,,,http://www.redfin.com/CA/Los-Angeles/12137-Herbert-St-90066/home/6737282,CRISNet,SR21012092,N,Y,33.9992078,-118.4265095,
PAST SALE,,Single Family Residential,12140 Herbert St,Los Angeles,CA,90066,1330000,2,3,,1461,5001,1941,,910,,,,,http://www.redfin.com/CA/Los-Angeles/12140-Herbert-St-90066/home/6737414,,,N,Y,33.9988167,-118.4263847,
PAST SALE,July-22-2021,Single Family Residential,3580 Wasatch Ave,Los Angeles,CA,90066,1900000,2,2,Palms - Mar Vista,1247,7500,1947,82,1524,,Sold,,,http://www.redfin.com/CA/Los-Angeles/3580-Wasatch-Ave-90066/home/6746769,TheMLS,21-677486,N,Y,34.0074485,-118.4390313,
PAST SALE,November-30-2020,Single Family Residential,3581 Wasatch Ave,Los Angeles,CA,90066,5995000,7,6.5,Palms - Mar Vista,,15000,2016,316,,,Sold,,,http://www.redfin.com/CA/Los-Angeles/3581-Wasatch-Ave-90066/home/6746788,TheMLS,20-655210,N,Y,34.0071996,-118.4395072,0.7
PAST SALE,March-30-2021,Single Family Residential,12580 Westminster Ave,Los Angeles,CA,90066,1780000,2,2,Palms - Mar Vista,1210,5033,1953,196,1471,,Sold,,,http://www.redfin.com/CA/Los-Angeles/12580-Westminster-Ave-90066/home/6746794,TheMLS,21-694684,N,Y,34.0076618,-118.4401091,
PAST SALE,November-30-2020,Single Family Residential,12644 Marco Pl,Los Angeles,CA,90066,1550000,3,2,Palms - Mar Vista,1121,5629,1952,316,1383,,Sold,,,http://www.redfin.com/CA/Los-Angeles/12644-Marco-Pl-90066/home/6746843,TheMLS,20-652672,N,Y,34.0064387,-118.4405197,
PAST SALE,November-18-2020,Single Family Residential,3910 Coolidge Ave,Los Angeles,CA,90066,1375000,2,2,Palms - Mar Vista,1120,3563,1924,328,1228,,Sold,,,http://www.redfin.com/CA/Los-Angeles/3910-Coolidge-Ave-90066/home/6727055,TheMLS,20-645172,N,Y,34.0072151,-118.4221291,
PAST SALE,,Single Family Residential,3904 Coolidge Ave,Los Angeles,CA,90066,1647000,2,2,,1489,4453,1924,,1106,,,,,http://www.redfin.com/CA/Los-Angeles/3904-Coolidge-Ave-90066/home/6727056,,,N,Y,34.0073122,-118.4222204,
PAST SALE,August-20-2021,Single Family Residential,3853 Berryman Ave,Los Angeles,CA,90066,1850000,3,2.5,Palms - Mar Vista,1697,5702,1947,53,1090,,Sold,,,http://www.redfin.com/CA/Los-Angeles/3853-Berryman-Ave-90066/home/6727098,TheMLS,21-765030,N,Y,34.0081408,-118.422266,
PAST SALE,May-25-2021,Single Family Residential,11350 Charnock Rd,Los Angeles,CA,90066,1531000,3,2.5,Palms - Mar Vista,1395,6416,1952,140,1097,,Sold,,,http://www.redfin.com/CA/Los-Angeles/11350-Charnock-Rd-90066/home/6738891,TheMLS,21-718252,N,Y,34.0141889,-118.4235371,
PAST SALE,July-13-2021,Single Family Residential,11410 Charnock Rd,Los Angeles,CA,90066,2150000,4,2,Palms - Mar Vista,1905,5771,1952,91,1129,,Sold,,,http://www.redfin.com/CA/Los-Angeles/11410-Charnock-Rd-90066/home/6738905,TheMLS,21-731952,N,Y,34.0135995,-118.4246619,
PAST SALE,October-23-2020,Single Family Residential,3664 Berryman Ave,Mar Vista,CA,90066,1350000,4,3,699 - Not Defined,1638,6304,1952,354,824,,Sold,,,http://www.redfin.com/CA/Los-Angeles/3664-Berryman-Ave-90066/home/6738924,CRMLS,OC20118431,N,Y,34.0120771,-118.4239545,
PAST SALE,September-29-2021,Single Family Residential,3600 Purdue Ave,Los Angeles,CA,90066,1645000,3,2,Palms - Mar Vista,1338,5470,1952,13,1229,,Sold,,,http://www.redfin.com/CA/Los-Angeles/3600-Purdue-Ave-90066/home/6738894,TheMLS,21-771480,N,Y,34.0138656,-118.4240002,
PAST SALE,,Single Family Residential,3832 Berryman Ave,Los Angeles,CA,90066,1080000,4,2,,1666,5704,1947,,648,,,,,http://www.redfin.com/CA/Los-Angeles/3832-Berryman-Ave-90066/home/6726978,,,N,Y,34.0087972,-118.4222289,0.8
PAST SALE,August-11-2021,Single Family Residential,3954 Mclaughlin Ave,Los Angeles,CA,90066,1100000,2,2,Palms - Mar Vista,1294,4433,1928,62,850,,Sold,,,http://www.redfin.com/CA/Los-Angeles/3954-McLaughlin-Ave-90066/home/6727137,TheMLS,21-754530,N,Y,34.0057979,-118.4220378,
PAST SALE,April-5-2021,Single Family Residential,3934 East Blvd,Los Angeles,CA,90066,2400000,4,6,Palms - Mar Vista,4105,11460,1996,190,585,,Sold,,,http://www.redfin.com/CA/Los-Angeles/3934-East-Blvd-90066/home/6727188,TheMLS,21-693204,N,Y,34.0055401,-118.4235438,
PAST SALE,July-1-2021,Single Family Residential,3976 East Blvd,Los Angeles,CA,90066,2544500,5,5.5,Palms - Mar Vista,4198,8686,1947,103,606,,Sold,,,http://www.redfin.com/CA/Los-Angeles/3976-East-Blvd-90066/home/6727197,TheMLS,20-641638,N,Y,34.0045817,-118.4225927,
PAST SALE,May-4-2021,Single Family Residential,11814 Washington Pl,Los Angeles,CA,90066,1300000,3,3.5,Palms - Mar Vista,1757,1385,2014,161,740,72,Sold,,,http://www.redfin.com/CA/Los-Angeles/11814-Washington-Pl-90066/home/62326417,TheMLS,21-710834,N,Y,34.0033401,-118.4226415,
PAST SALE,,Single Family Residential,3817 Moore St,Los Angeles,CA,90066,1226000,4,2,,1773,5608,1924,,691,,,,,http://www.redfin.com/CA/Los-Angeles/3817-Moore-St-90066/home/22585470,,,N,Y,33.9995476,-118.4402063,
PAST SALE,September-10-2021,Single Family Residential,3760 Grand View Blvd,Los Angeles,CA,90066,2538000,3,3,Palms - Mar Vista,2192,10206,1908,32,1158,,Sold,,,http://www.redfin.com/CA/Los-Angeles/3760-Grand-View-Blvd-90066/home/6749185,TheMLS,21-750646,N,Y,34.0059243,-118.4315757,
PAST SALE,March-4-2021,Single Family Residential,3745 Mountain View Ave,Los Angeles,CA,90066,2032000,3,2,Palms - Mar Vista,2432,9470,1941,222,836,,Sold,,,http://www.redfin.com/CA/Los-Angeles/3745-Mountain-View-Ave-90066/home/6749188,TheMLS,21-677148,N,Y,34.0066463,-118.431262,
PAST SALE,,Single Family Residential,12425 Everglade St,Los Angeles,CA,90066,1980000,3,2,,1644,5705,1947,,1204,,,,,http://www.redfin.com/CA/Los-Angeles/12425-Everglade-St-90066/home/6748133,,,N,Y,34.012546,-118.4415236,
PAST SALE,,Single Family Residential,12500 Woodbine St,Los Angeles,CA,90066,2000000,3,2,,1480,5763,1946,,1351,,,,,http://www.redfin.com/CA/Los-Angeles/12500-Woodbine-St-90066/home/6748212,,,N,Y,34.0114781,-118.4408392,
PAST SALE,,Single Family Residential,3170 Grand View Blvd,Los Angeles,CA,90066,1670000,3,1,,1661,7033,1948,,1005,,,,,http://www.redfin.com/CA/Los-Angeles/3170-Grand-View-Blvd-90066/home/6748438,,,N,Y,34.0166203,-118.4414142,1.1
PAST SALE,December-18-2020,Single Family Residential,3406 Mountain View Ave,Los Angeles,CA,90066,3990000,5,5,Palms - Mar Vista,,5841,2020,298,,,Sold,,,http://www.redfin.com/CA/Los-Angeles/3406-Mountain-View-Ave-90066/home/6748824,TheMLS,20-649060,N,Y,34.01396,-118.4368215,
PAST SALE,December-23-2020,Single Family Residential,12506 Appleton Way,Los Angeles,CA,90066,3110000,4,4.5,Palms - Mar Vista,3500,5756,2020,293,889,,Sold,,,http://www.redfin.com/CA/Los-Angeles/12506-Appleton-Way-90066/home/6748251,TheMLS,20-657772,N,Y,34.010717,-118.4404855,
PAST SALE,July-9-2021,Single Family Residential,3453 Grand View Blvd,Mar Vista,CA,90066,3375000,5,4,C13 - Palms - Mar Vista,3815,7395,2007,95,885,,Sold,,,http://www.redfin.com/CA/Los-Angeles/3453-Grand-View-Blvd-90066/home/6748716,CRISNet,SR21148317,N,Y,34.0123256,-118.4373179,
PAST SALE,September-9-2021,Single Family Residential,11834 Pacific Ave,Los Angeles,CA,90066,4325000,5,6.5,Palms - Mar Vista,4400,7872,2021,33,983,,Sold,,,http://www.redfin.com/CA/Los-Angeles/11834-Pacific-Ave-90066/home/6727290,TheMLS,21-763316,N,Y,34.0065851,-118.4255728,
PAST SALE,March-2-2021,Single Family Residential,3917 Mclaughlin Ave,Los Angeles,CA,90066,2725000,4,4,Palms - Mar Vista,3509,7761,2020,224,777,,Sold,,,http://www.redfin.com/CA/Los-Angeles/3917-McLaughlin-Ave-90066/home/6727183,TheMLS,20-647360,N,Y,34.0064193,-118.4231446,
PAST SALE,,Single Family Residential,11907 Pacific Ave,Los Angeles,CA,90066,2995000,2,2,,1076,7000,1937,,2783,,,,,http://www.redfin.com/CA/Los-Angeles/11907-Pacific-Ave-90066/home/6727239,,,N,Y,34.0065672,-118.4264645,
PAST SALE,May-3-2021,Single Family Residential,3932 Minerva Ave,Los Angeles,CA,90066,1295000,2,1,C13 - Palms - Mar Vista,832,6490,1925,162,1556,,Sold,,,http://www.redfin.com/CA/Los-Angeles/3932-Minerva-Ave-90066/home/6726914,CRISNet,SR21039872,N,Y,34.0075346,-118.4201781,
PAST SALE,July-7-2021,Single Family Residential,3627 Grand View Blvd,Los Angeles,CA,90066,3490000,6,4.5,Palms - Mar Vista,3792,11760,1908,97,920,,Sold,,,http://www.redfin.com/CA/Los-Angeles/3627-Grand-View-Blvd-90066/home/6749096,TheMLS,21-738770,N,Y,34.0081778,-118.4341115,
PAST SALE,September-22-2021,Single Family Residential,3721 Ocean View Ave,Los Angeles,CA,90066,3091482,5,5,Palms - Mar Vista,3300,8750,1993,20,937,,Sold,,,http://www.redfin.com/CA/Los-Angeles/3721-Ocean-View-Ave-90066/home/6749253,TheMLS,21-754218,N,Y,34.0059572,-118.4339943,
PAST SALE,March-31-2021,Single Family Residential,12642 Woodgreen St,Los Angeles,CA,90066,1550000,3,2,Palms - Mar Vista,1186,6251,1941,195,1307,,Sold,,,http://www.redfin.com/CA/Los-Angeles/12642-Woodgreen-St-90066/home/6746644,TheMLS,21-701910,N,Y,34.0078607,-118.4417062,1.1
PAST SALE,July-30-2021,Single Family Residential,3468 Greenwood Ave,Los Angeles,CA,90066,1860000,4,3,Palms - Mar Vista,,5021,1946,74,,,Sold,,,http://www.redfin.com/CA/Los-Angeles/3468-Greenwood-Ave-90066/home/6745329,TheMLS,21-743520,N,Y,34.0065415,-118.4472952,
PAST SALE,,Single Family Residential,3520 Rosewood Ave,Los Angeles,CA,90066,1615000,3,1,,1125,4903,1947,,1436,,,,,http://www.redfin.com/CA/Los-Angeles/3520-Rosewood-Ave-90066/home/6746056,,,N,Y,34.004815,-118.4471855,
PAST SALE,September-27-2021,Single Family Residential,3444 Greenwood Ave,Los Angeles,CA,90066,2665000,5,4,Palms - Mar Vista,3617,4999,2010,15,737,,Sold,,,http://www.redfin.com/CA/Los-Angeles/3444-Greenwood-Ave-90066/home/6745323,TheMLS,21-761650,N,Y,34.0071305,-118.4477379,
PAST SALE,,Single Family Residential,3508 Greenwood Ave,Los Angeles,CA,90066,1200000,2,1,,832,5021,1947,,1442,,,,,http://www.redfin.com/CA/Los-Angeles/3508-Greenwood-Ave-90066/home/6746085,,,N,Y,34.0057353,-118.4467094,
PAST SALE,February-23-2021,Single Family Residential,11933 Mccune Ave,Los Angeles,CA,90066,1858000,3,2,Palms - Mar Vista,1883,5418,1954,231,987,,Sold,,,http://www.redfin.com/CA/Los-Angeles/11933-McCune-Ave-90066/home/6739255,TheMLS,21-677938,N,Y,34.008292,-118.4288371,
PAST SALE,August-25-2021,Single Family Residential,11912 Mccune Ave,Los Angeles,CA,90066,1600000,3,2,C13 - Palms - Mar Vista,1468,5079,1954,48,1090,,Sold,,,http://www.redfin.com/CA/Los-Angeles/11912-McCune-Ave-90066/home/6739266,CRMLS,DW21161453,N,Y,34.0083074,-118.4281603,
PAST SALE,January-11-2021,Single Family Residential,3531 Barry Ave,Los Angeles,CA,90066,3016700,5,7,C13 - Palms - Mar Vista,3125,6000,2015,274,965,,Sold,,,http://www.redfin.com/CA/Los-Angeles/3531-Barry-Ave-90066/home/6749706,CRMLS,PW20244267,N,Y,34.0123651,-118.4299784,
PAST SALE,August-10-2021,Single Family Residential,11625 Westminster Ave,Los Angeles,CA,90066,1875000,2,2.5,Palms - Mar Vista,1800,5389,1954,63,1042,,Sold,,,http://www.redfin.com/CA/Los-Angeles/11625-Westminster-Ave-90066/home/6750012,TheMLS,21-753440,N,Y,34.0145316,-118.4285181,
PAST SALE,June-23-2021,Single Family Residential,3711 S Barrington Ave,Los Angeles,CA,90066,1660000,3,2,Palms - Mar Vista,1468,7078,1954,111,1131,,Sold,,,http://www.redfin.com/CA/Los-Angeles/3711-S-Barrington-Ave-90066/home/6739251,TheMLS,21-752272,N,Y,34.0089416,-118.4283408,
PAST SALE,October-8-2021,Single Family Residential,3547 Barry Ave,Los Angeles,CA,90066,3575000,6,5,Palms - Mar Vista,3201,5300,2021,4,1117,,Sold,,,http://www.redfin.com/CA/Los-Angeles/3547-Barry-Ave-90066/home/6749709,TheMLS,21-757708,N,Y,34.0119253,-118.429659,0.8
PAST SALE,March-19-2021,Single Family Residential,3524 Redwood Ave,Los Angeles,CA,90066,2399000,4,3,Palms - Mar Vista,2505,4783,2020,207,958,,Sold,,,http://www.redfin.com/CA/Los-Angeles/3524-Redwood-Ave-90066/home/6745961,TheMLS,20-669690,N,Y,34.0033867,-118.4496459,
PAST SALE,July-12-2021,Single Family Residential,3969 S Centinela Ave,Mar Vista,CA,90066,820000,2,2,C13 - Palms - Mar Vista,1118,2251,1948,92,733,,Sold,,,http://www.redfin.com/CA/Los-Angeles/3969-S-Centinela-Ave-90066/home/6739606,CRMLS,CV21069965,N,Y,34.0002776,-118.4314463,
PAST SALE,,Single Family Residential,3200 Maplewood Ave,Los Angeles,CA,90066,3700000,3,2,,1108,6543,1953,,3339,,,,,http://www.redfin.com/CA/Los-Angeles/3200-Maplewood-Ave-90066/home/6747605,,,N,Y,34.0112293,-118.452338,
PAST SALE,,Single Family Residential,3216 Rosewood Ave,Los Angeles,CA,90066,2000000,3,2,,1396,6334,1953,,1433,,,,,http://www.redfin.com/CA/Los-Angeles/3216-Rosewood-Ave-90066/home/6747649,,,N,Y,34.0113445,-118.4512429,
PAST SALE,November-24-2020,Single Family Residential,3242 Rosewood Ave,Los Angeles,CA,90066,3000000,3,3.5,Palms - Mar Vista,2629,6756,1953,322,1141,,Sold,,,http://www.redfin.com/CA/Los-Angeles/3242-Rosewood-Ave-90066/home/6747652,TheMLS,20-642868,N,Y,34.0110477,-118.4508322,
PAST SALE,March-9-2021,Single Family Residential,3976 Beethoven St,Los Angeles,CA,90066,1230000,2,3,Culver City,1340,1479,2011,217,918,,Sold,,,http://www.redfin.com/CA/Los-Angeles/3976-Beethoven-St-90066/home/40388551,TheMLS,21-677700,N,Y,33.9961778,-118.4385108,
PAST SALE,February-24-2021,Single Family Residential,3981 Beethoven St,Los Angeles,CA,90066,1498000,3,2,C13 - Palms - Mar Vista,1789,5951,1947,230,837,,Sold,,,http://www.redfin.com/CA/Los-Angeles/3981-Beethoven-St-90066/home/6740396,PFAR,P1-2079,N,Y,33.9958582,-118.4388308,
PAST SALE,November-30-2020,Single Family Residential,3952 Lyceum Ave,Los Angeles,CA,90066,1280000,2,1,Palms - Mar Vista,884,5948,1924,316,1448,,Sold,,,http://www.redfin.com/CA/Los-Angeles/3952-Lyceum-Ave-90066/home/6740401,TheMLS,20-643790,N,Y,33.9956758,-118.4392406,
PAST SALE,March-24-2021,Single Family Residential,11920 Windward Ave,Los Angeles,CA,90066,3425000,4,4.5,Palms - Mar Vista,4050,5989,2020,202,846,,Sold,,,http://www.redfin.com/CA/Los-Angeles/11920-Windward-Ave-90066/home/6739215,TheMLS,20-672596,N,Y,34.0100167,-118.4299328,
PAST SALE,December-24-2020,Single Family Residential,3512 Barry Ave,Los Angeles,CA,90066,2778750,5,5,Palms - Mar Vista,3120,5996,1988,292,891,,Sold,,,http://www.redfin.com/CA/Los-Angeles/3512-Barry-Ave-90066/home/6749720,TheMLS,20-639536,N,Y,34.0129677,-118.4298436,0.8
PAST SALE,April-8-2021,Single Family Residential,3114 Greenfield Ave,Los Angeles,CA,90034,2270000,5,5,Palms - Mar Vista,2996,6441,1939,187,758,,Sold,,,http://www.redfin.com/CA/Los-Angeles/3114-Greenfield-Ave-90034/home/6750981,TheMLS,21-690570,N,Y,34.0272818,-118.422809,
PAST SALE,June-21-2021,Single Family Residential,3405 Stoner Ave,Los Angeles,CA,90066,2710000,4,3,C13 - Palms - Mar Vista,2113,5996,1946,113,1283,,Sold,,,http://www.redfin.com/CA/Los-Angeles/3405-Stoner-Ave-90066/home/6749460,PFAR,P1-4687,N,Y,34.0159159,-118.432842,
PAST SALE,December-24-2020,Single Family Residential,3867 Minerva Ave,Los Angeles,CA,90066,2450000,4,3,Palms - Mar Vista,3030,5704,2020,292,809,,Sold,,,http://www.redfin.com/CA/Los-Angeles/3867-Minerva-Ave-90066/home/6726992,TheMLS,20-656658,N,Y,34.0081886,-118.4211915,
PAST SALE,July-13-2021,Single Family Residential,3301 Corinth Ave,Los Angeles,CA,90066,2300000,3,3,Palms - Mar Vista,1978,7326,1948,91,1163,,Sold,,,http://www.redfin.com/CA/Los-Angeles/3301-Corinth-Ave-90066/home/6750611,TheMLS,21-725670,N,Y,34.0210611,-118.4290195,
PAST SALE,August-4-2021,Single Family Residential,3308 Corinth Ave,Los Angeles,CA,90066,1950000,3,2,Palms - Mar Vista,1863,7503,1948,69,1047,,Sold,,,http://www.redfin.com/CA/Los-Angeles/3308-Corinth-Ave-90066/home/6750639,TheMLS,21-751406,N,Y,34.0210738,-118.4284269,
PAST SALE,,Single Family Residential,3309 Purdue Ave,Los Angeles,CA,90066,1900000,5,2,,2424,7564,1948,,784,,,,,http://www.redfin.com/CA/Los-Angeles/3309-Purdue-Ave-90066/home/6750522,,,N,Y,34.0205589,-118.4298437,
PAST SALE,April-19-2021,Single Family Residential,3629 Grand View Blvd,Los Angeles,CA,90066,4850000,5,5.5,Palms - Mar Vista,5209,8000,2021,176,931,,Sold,,,http://www.redfin.com/CA/Los-Angeles/3629-Grand-View-Blvd-90066/home/169934393,TheMLS,21-695636,N,Y,34.007892,-118.434022,
PAST SALE,March-1-2021,Single Family Residential,3632 Grand View Blvd,Los Angeles,CA,90066,1917000,3,2,Palms - Mar Vista,1365,9589,1930,225,1404,,Sold,,,http://www.redfin.com/CA/Los-Angeles/3632-Grand-View-Blvd-90066/home/6749118,TheMLS,21-684738,N,Y,34.0083887,-118.4334081,
PAST SALE,,Single Family Residential,3764 Mountain View Ave,Los Angeles,CA,90066,1484000,2,1,,1170,8293,1941,,1268,,,,,http://www.redfin.com/CA/Los-Angeles/3764-Mountain-View-Ave-90066/home/6749161,,,N,Y,34.006424,-118.430393,
PAST SALE,,Single Family Residential,3723 Grand View Blvd,Los Angeles,CA,90066,865000,2,2,,1713,8953,1939,,505,,,,,http://www.redfin.com/CA/Los-Angeles/3723-Grand-View-Blvd-90066/home/6749221,,,N,Y,34.0065521,-118.432899,0.2
PAST SALE,August-26-2021,Single Family Residential,3737 Ocean View Ave,Los Angeles,CA,90066,4291500,5,4.5,Palms - Mar Vista,4557,9699,2017,47,942,,Sold,,,http://www.redfin.com/CA/Los-Angeles/3737-Ocean-View-Ave-90066/home/6749269,TheMLS,21-761250,N,Y,34.0055844,-118.4336724,
PAST SALE,September-28-2021,Single Family Residential,13208 Zanja St,Los Angeles,CA,90066,975000,2,2,C13 - Palms - Mar Vista,806,,1940,14,1210,,Sold,,,http://www.redfin.com/CA/Los-Angeles/13208-Zanja-St-90066/home/6740523,PFAR,P1-6107,N,Y,33.995386,-118.4429289,
PAST SALE,June-25-2021,Single Family Residential,3251 Military Ave,Los Angeles,CA,90034,1835000,3,2,Palms - Mar Vista,1621,5482,1940,109,1132,,Sold,,,http://www.redfin.com/CA/Los-Angeles/3251-Military-Ave-90034/home/6751182,TheMLS,21-729298,N,Y,34.0245663,-118.4225952,
PAST SALE,September-28-2021,Single Family Residential,3958 Frances Ave,Los Angeles,CA,90066,1175000,2,1,Palms - Mar Vista,780,5473,1940,14,1506,,Sold,,,http://www.redfin.com/CA/Los-Angeles/3958-Frances-Ave-90066/home/6739426,TheMLS,21-764736,N,Y,33.998849,-118.434091,
PAST SALE,July-16-2021,Single Family Residential,3725 Meier St,Los Angeles,CA,90066,2690000,4,4.5,C13 - Palms - Mar Vista,3578,5970,2000,88,752,,Sold,,,http://www.redfin.com/CA/Los-Angeles/3725-Meier-St-90066/home/6746961,CRMLS,TR21116895,N,Y,34.0027353,-118.4415693,
PAST SALE,October-16-2020,Single Family Residential,12601 Stanwood Pl,Los Angeles,CA,90066,1975000,3,2,Palms - Mar Vista,1526,5925,1950,361,1294,,Sold,,,http://www.redfin.com/CA/Los-Angeles/12601-Stanwood-Pl-90066/home/6747387,TheMLS,20-635278,N,Y,34.0141829,-118.4453567,
PAST SALE,October-15-2020,Single Family Residential,12506 Stanwood Pl,Los Angeles,CA,90066,2490000,4,2.5,Palms - Mar Vista,2865,5700,2020,362,869,,Sold,,,http://www.redfin.com/CA/Los-Angeles/12506-Stanwood-Pl-90066/home/6747415,TheMLS,20-581708,N,Y,34.0143095,-118.4442159,
PAST SALE,August-3-2021,Single Family Residential,3345 Stewart Ave,Los Angeles,CA,90066,1868000,3,2.5,Palms - Mar Vista,1776,6864,1949,70,1052,,Sold,,,http://www.redfin.com/CA/Los-Angeles/3345-Stewart-Ave-90066/home/6748004,TheMLS,21-748618,N,Y,34.0116009,-118.4448091,
PAST SALE,August-4-2021,Single Family Residential,12232 Malone St,Los Angeles,CA,90066,1290000,3,1,Palms - Mar Vista,1158,5769,1948,69,1114,,Sold,,,http://www.redfin.com/CA/Los-Angeles/12232-Malone-St-90066/home/6748375,TheMLS,21-730452,N,Y,34.019554,-118.4440372,
PAST SALE,January-8-2021,Single Family Residential,3219 Butler Ave,Los Angeles,CA,90066,3050000,5,6,Palms - Mar Vista,3500,7054,2020,277,871,,Sold,,,http://www.redfin.com/CA/Los-Angeles/3219-Butler-Ave-90066/home/6750476,TheMLS,21-679466,N,Y,34.0215501,-118.4318053,1.6
PAST SALE,April-21-2021,Single Family Residential,3606 Ocean View Ave,Los Angeles,CA,90066,3525000,5,5.5,Palms - Mar Vista,4480,9230,2020,174,787,,Sold,,,http://www.redfin.com/CA/Los-Angeles/3606-Ocean-View-Ave-90066/home/6749100,TheMLS,20-665636,N,Y,34.0083549,-118.4352378,
PAST SALE,November-24-2020,Single Family Residential,3778 Colonial Ave,Los Angeles,CA,90066,2280000,4,3.5,Palms - Mar Vista,2400,5750,2020,322,950,,Sold,,,http://www.redfin.com/CA/Los-Angeles/3778-Colonial-Ave-90066/home/6747139,TheMLS,20-611572,N,Y,34.0042081,-118.4349069,
PAST SALE,November-25-2020,Single Family Residential,3775 Colonial Ave,Los Angeles,CA,90066,1750000,4,2.5,Palms - Mar Vista,1892,5750,1929,321,925,,Sold,,,http://www.redfin.com/CA/Los-Angeles/3775-Colonial-Ave-90066/home/6747149,TheMLS,20-643428,N,Y,34.0040821,-118.4354089,
PAST SALE,October-20-2020,Single Family Residential,3917 Inglewood Blvd,Los Angeles,CA,90066,1150000,2,1,Palms - Mar Vista,955,5001,1943,357,1204,,Sold,,,http://www.redfin.com/CA/Los-Angeles/3917-Inglewood-Blvd-90066/home/6739716,TheMLS,20-598648,N,Y,34.0038847,-118.4273293,
PAST SALE,April-12-2021,Single Family Residential,3041 Mountain View Ave,Los Angeles,CA,90066,1675000,3,1,Palms - Mar Vista,1161,6722,1948,183,1443,,Sold,,,http://www.redfin.com/CA/Los-Angeles/3041-Mountain-View-Ave-90066/home/6748447,TheMLS,21-682106,N,Y,34.0190774,-118.4430908,
PAST SALE,May-26-2021,Single Family Residential,3130 Mountain View Ave,Los Angeles,CA,90066,2350000,3,1,C13 - Palms - Mar Vista,1517,7907,1948,139,1549,,Sold,,,http://www.redfin.com/CA/Los-Angeles/3130-Mountain-View-Ave-90066/home/6748504,CRISNet,SR21088079,N,Y,34.0180791,-118.4418039,
PAST SALE,May-20-2021,Single Family Residential,13128 Warren Ave,Los Angeles,CA,90066,1905000,3,2.5,Palms - Mar Vista,1989,6319,1953,145,958,,Sold,,,http://www.redfin.com/CA/Los-Angeles/13128-Warren-Ave-90066/home/6745207,TheMLS,21-715650,N,Y,34.0097095,-118.4529457,
PAST SALE,November-18-2020,Single Family Residential,3705 Boise Ave,Los Angeles,CA,90066,2326000,3,2,Palms - Mar Vista,2122,6295,1940,328,1096,,Sold,,,http://www.redfin.com/CA/Los-Angeles/3705-Boise-Ave-90066/home/6747063,TheMLS,20-650506,N,Y,34.0047945,-118.4384663,
PAST SALE,June-8-2021,Single Family Residential,12567 Mccune Ave,Los Angeles,CA,90066,1305000,2,1,Palms - Mar Vista,1243,4134,1924,126,1050,,Sold,,,http://www.redfin.com/CA/Los-Angeles/12567-McCune-Ave-90066/home/6747083,TheMLS,21-692460,N,Y,34.0040753,-118.4371886,
PAST SALE,October-26-2020,Single Family Residential,3920 East Blvd,Los Angeles,CA,90066,2200000,3,2,Palms - Mar Vista,1719,12200,1940,351,1280,,Sold,,,http://www.redfin.com/CA/Los-Angeles/3920-East-Blvd-90066/home/6727185,TheMLS,20-633614,N,Y,34.0058085,-118.4239089,0.4
PAST SALE,August-3-2021,Single Family Residential,13212 Dewey St,Los Angeles,CA,90066,2065000,4,3,Palms - Mar Vista,2517,6060,1953,70,820,,Sold,,,http://www.redfin.com/CA/Los-Angeles/13212-Dewey-St-90066/home/6747576,TheMLS,21-729890,N,Y,34.0100391,-118.4545282,
PAST SALE,June-22-2021,Single Family Residential,3343 Wade St,Los Angeles,CA,90066,1600000,3,2,C13 - Palms - Mar Vista,1932,5113,1963,112,828,,Sold,,,http://www.redfin.com/CA/Los-Angeles/3343-Wade-St-90066/home/6747916,CRMLS,LG21094353,N,Y,34.0116327,-118.4458067,
PAST SALE,September-3-2021,Single Family Residential,12612 Rose Ave,Los Angeles,CA,90066,1995000,3,2,Palms - Mar Vista,1755,5050,1947,39,1137,,Sold,,,http://www.redfin.com/CA/Los-Angeles/12612-Rose-Ave-90066/home/6748032,TheMLS,21-735222,N,Y,34.0129663,-118.444946,
PAST SALE,September-15-2021,Single Family Residential,3753 Greenwood Ave,Los Angeles,CA,90066,1850000,4,3,Palms - Mar Vista,2164,4978,1947,27,855,,Sold,,,http://www.redfin.com/CA/Los-Angeles/3753-Greenwood-Ave-90066/home/6746413,TheMLS,21-765190,N,Y,34.0005225,-118.4438508,
PAST SALE,August-26-2021,Single Family Residential,3605 Greenwood Ave,Mar Vista,CA,90066,2600000,4,3,C13 - Palms - Mar Vista,2852,5121,1990,47,912,,Sold,,,http://www.redfin.com/CA/Los-Angeles/3605-Greenwood-Ave-90066/home/6746207,CRMLS,PV21149982,N,Y,34.0037742,-118.4457548,
PAST SALE,July-2-2021,Single Family Residential,13257 Venice Blvd,Los Angeles,CA,90066,860000,1,1,Palms - Mar Vista,760,2500,1938,102,1132,,Sold,,,http://www.redfin.com/CA/Los-Angeles/13257-Venice-Blvd-90066/home/6746510,TheMLS,21-722542,N,Y,33.9977692,-118.4460795,
PAST SALE,May-26-2021,Single Family Residential,12627 Rose Ave,Los Angeles,CA,90066,1770000,3,2,Palms - Mar Vista,1367,6270,1950,139,1295,,Sold,,,http://www.redfin.com/CA/Los-Angeles/12627-Rose-Ave-90066/home/6747462,TheMLS,21-721712,N,Y,34.0131372,-118.4455392,
PAST SALE,June-21-2021,Single Family Residential,3486 Moore St,Los Angeles,CA,90066,1670000,3,2,C13 - Palms - Mar Vista,1591,5580,1940,113,1050,,Sold,,,http://www.redfin.com/CA/Los-Angeles/3486-Moore-St-90066/home/6747812,CRMLS,OC21097875,N,Y,34.0071004,-118.445159,
PAST SALE,September-28-2021,Single Family Residential,3748 Ashwood Ave,Los Angeles,CA,90066,2100000,2,2,Palms - Mar Vista,1686,5280,1948,14,1246,,Sold,,,http://www.redfin.com/CA/Los-Angeles/3748-Ashwood-Ave-90066/home/6746463,TheMLS,21-776288,N,Y,33.9996412,-118.4457673,
PAST SALE,September-29-2021,Single Family Residential,3632 Greenwood Ave,Los Angeles,CA,90066,3050000,3,3.5,Palms - Mar Vista,3235,4782,2021,13,943,,Sold,,,http://www.redfin.com/CA/Los-Angeles/3632-Greenwood-Ave-90066/home/6746176,TheMLS,21-760844,N,Y,34.0033265,-118.444807,1.1
PAST SALE,January-13-2021,Single Family Residential,3225 Kelton Ave,Los Angeles,CA,90034,2000000,4,3,Palms - Mar Vista,1874,6447,1924,272,1067,,Sold,,,http://www.redfin.com/CA/Los-Angeles/3225-Kelton-Ave-90034/home/6752941,TheMLS,20-651746,N,Y,34.0265664,-118.4205733,
PAST SALE,,Single Family Residential,3101 Federal Ave,Los Angeles,CA,90066,2995000,4,4.5,,3509,7020,1947,,854,,,,,http://www.redfin.com/CA/Los-Angeles/3101-Federal-Ave-90066/home/6750279,,,N,Y,34.022644,-118.436184,
PAST SALE,January-19-2021,Single Family Residential,3641 Barry Ave,Los Angeles,CA,90066,3025000,4,4,Palms - Mar Vista,3509,7300,2020,266,862,,Sold,,,http://www.redfin.com/CA/Los-Angeles/3641-Barry-Ave-90066/home/6739175,TheMLS,20-657822,N,Y,34.0107897,-118.4283024,
PAST SALE,April-20-2021,Single Family Residential,3615 Wasatch Ave,Los Angeles,CA,90066,4250000,5,6,Palms - Mar Vista,3878,7500,2021,175,1096,,Sold,,,http://www.redfin.com/CA/Los-Angeles/3615-Wasatch-Ave-90066/home/6746783,TheMLS,21-680998,N,Y,34.006634,-118.4391052,
PAST SALE,May-14-2021,Single Family Residential,3318 Beethoven St,Los Angeles,CA,90066,2430000,3,2,Palms - Mar Vista,1676,6719,1953,151,1450,,Sold,,,http://www.redfin.com/CA/Los-Angeles/3318-Beethoven-St-90066/home/6745284,TheMLS,21-715298,N,Y,34.0092266,-118.4490071,
PAST SALE,,Single Family Residential,12752 Rose Ave,Los Angeles,CA,90066,1622000,4,3,,1370,6313,1953,,1184,,,,,http://www.redfin.com/CA/Los-Angeles/12752-Rose-Ave-90066/home/6747727,,,N,Y,34.0114094,-118.4485964,
PAST SALE,May-19-2021,Single Family Residential,3555 Wasatch Ave,Los Angeles,CA,90066,1835000,3,2,Palms - Mar Vista,1950,5064,1953,146,941,,Sold,,,http://www.redfin.com/CA/Los-Angeles/3555-Wasatch-Ave-90066/home/6746793,TheMLS,21-725016,N,Y,34.0077991,-118.4398809,
PAST SALE,November-17-2020,Single Family Residential,3720 Boise Ave,Mar Vista,CA,90066,1989850,3,2,C13 - Palms - Mar Vista,1765,5625,1926,329,1127,,Sold,,,http://www.redfin.com/CA/Los-Angeles/3720-Boise-Ave-90066/home/6747077,CRMLS,SB20210748,N,Y,34.0046421,-118.4376791,
PAST SALE,February-10-2021,Single Family Residential,12456 Stanwood Pl,Los Angeles,CA,90066,1651000,3,1.5,Palms - Mar Vista,1426,6270,1950,244,1158,,Sold,,,http://www.redfin.com/CA/Los-Angeles/12456-Stanwood-Pl-90066/home/6747417,TheMLS,21-679908,N,Y,34.0144982,-118.4439421,
PAST SALE,October-28-2020,Single Family Residential,12306 Clover Ave,Los Angeles,CA,90066,2155000,5,2.5,Palms - Mar Vista,2831,5254,1948,349,761,,Sold,,,http://www.redfin.com/CA/Los-Angeles/12306-Clover-Ave-90066/home/6748387,TheMLS,20-627382,N,Y,34.0181465,-118.4437478,1.3
PAST SALE,April-27-2021,Single Family Residential,3421 S Bentley Ave,Los Angeles,CA,90034,1752000,4,2,Palms - Mar Vista,1795,6973,1940,168,976,,Sold,,,http://www.redfin.com/CA/Los-Angeles/3421-S-Bentley-Ave-90034/home/6751414,TheMLS,21-691972,N,Y,34.0212947,-118.4221291,
PAST SALE,January-11-2021,Single Family Residential,3855 Bledsoe Ave,Los Angeles,CA,90066,1430000,3,2.5,Palms - Mar Vista,1463,2870,2020,274,977,,Sold,,,http://www.redfin.com/CA/Los-Angeles/3855-Bledsoe-Ave-90066/home/6726951,TheMLS,20-634994,N,Y,34.0089816,-118.4206687,
PAST SALE,November-17-2020,Single Family Residential,3981 Coolidge Ave,Los Angeles,CA,90066,1699000,3,2.5,Palms - Mar Vista,2017,4449,1976,329,842,,Sold,,,http://www.redfin.com/CA/Los-Angeles/3981-Coolidge-Ave-90066/home/6727164,TheMLS,20-648926,N,Y,34.005364,-118.4212163,
PAST SALE,December-1-2020,Single Family Residential,3853 Bledsoe Ave,Los Angeles,CA,90066,1419000,3,2.5,Palms - Mar Vista,1463,2870,2020,315,970,,Sold,,,http://www.redfin.com/CA/Los-Angeles/3853-Bledsoe-Ave-90066/home/173269089,TheMLS,20-635018,N,Y,34.0090126,-118.4207099,
PAST SALE,April-7-2021,Single Family Residential,12743 Dewey St,Mar Vista,CA,90066,2200000,6,5,C13 - Palms - Mar Vista,3001,6106,2005,188,733,,Sold,,,http://www.redfin.com/CA/Los-Angeles/12743-Dewey-St-90066/home/6747521,CRMLS,CV20180121,N,Y,34.0132206,-118.4495817,
PAST SALE,December-22-2020,Single Family Residential,3311 Cabrillo Blvd,Los Angeles,CA,90066,3510000,4,4.5,Palms - Mar Vista,,5600,2020,294,,,Sold,,,http://www.redfin.com/CA/Los-Angeles/3311-Cabrillo-Blvd-90066/home/6747880,TheMLS,20-657970,N,Y,34.0116893,-118.4469634,
PAST SALE,March-30-2021,Single Family Residential,12425 Woodgreen St,Los Angeles,CA,90066,1945000,3,3,Palms - Mar Vista,2265,7534,1941,196,859,,Sold,,,http://www.redfin.com/CA/Los-Angeles/12425-Woodgreen-St-90066/home/6746665,TheMLS,21-689506,N,Y,34.0098052,-118.4390595,
PAST SALE,February-24-2021,Single Family Residential,3617 Corinth Ave,Los Angeles,CA,90066,1450000,3,2,Palms - Mar Vista,1540,6051,1952,230,942,,Sold,,,http://www.redfin.com/CA/Los-Angeles/3617-Corinth-Ave-90066/home/6738889,TheMLS,20-618290,N,Y,34.0138089,-118.42327,
PAST SALE,February-18-2021,Single Family Residential,11452 Biona Dr,Los Angeles,CA,90066,1515000,3,2,C13 - Palms - Mar Vista,1430,5943,1955,236,1059,,Sold,,,http://www.redfin.com/CA/Los-Angeles/11452-Biona-Dr-90066/home/6738975,CRMLS,TR20239004,N,Y,34.0102316,-118.4234982,
PAST SALE,,Single Family Residential,3528 S Barrington Ave,Los Angeles,CA,90066,1885000,4,2,,1772,6704,1946,,1064,,,,,http://www.redfin.com/CA/Los-Angeles/3528-S-Barrington-Ave-90066/home/6749696,,,N,Y,34.0123963,-118.430412,0.8
PAST SALE,April-14-2021,Single Family Residential,3823 Lyceum Ave,Los Angeles,CA,90066,2195000,4,3,Palms - Mar Vista,1598,2587,,181,1374,,Sold,,,http://www.redfin.com/CA/Los-Angeles/3823-Lyceum-Ave-90066/home/174960000,TheMLS,20-626680,N,Y,33.9986934,-118.4416195,
PAST SALE,March-2-2021,Single Family Residential,12700 Woodgreen St,Los Angeles,CA,90066,1876000,3,2,Palms - Mar Vista,1624,9015,1950,224,1155,,Sold,,,http://www.redfin.com/CA/Los-Angeles/12700-Woodgreen-St-90066/home/6746592,TheMLS,21-686608,N,Y,34.0074661,-118.4421625,
PAST SALE,March-30-2021,Single Family Residential,12053 Clover Ave,Los Angeles,CA,90066,2650000,5,5,Palms - Mar Vista,3444,6649,1948,196,769,,Sold,,,http://www.redfin.com/CA/Los-Angeles/12053-Clover-Ave-90066/home/6748316,TheMLS,21-676862,N,Y,34.0201999,-118.4422575,
PAST SALE,November-10-2020,Single Family Residential,3489 Stoner Ave,Los Angeles,CA,90066,2150000,4,2,Palms - Mar Vista,2142,7636,1948,336,1004,,Sold,,,http://www.redfin.com/CA/Los-Angeles/3489-Stoner-Ave-90066/home/6749565,TheMLS,20-633010,N,Y,34.0128691,-118.4334045,
PAST SALE,March-30-2021,Single Family Residential,3510 Stoner Ave,Los Angeles,CA,90066,1800000,4,3,Palms - Mar Vista,2566,6740,1946,196,701,,Sold,,,http://www.redfin.com/CA/Los-Angeles/3510-Stoner-Ave-90066/home/6749631,TheMLS,20-577956,N,Y,34.0121245,-118.4321496,
PAST SALE,October-29-2020,Single Family Residential,3924 Redwood Ave,Los Angeles,CA,90066,1650000,3,2,Palms - Mar Vista,1715,5950,1949,348,962,,Sold,,,http://www.redfin.com/CA/Los-Angeles/3924-Redwood-Ave-90066/home/6740519,TheMLS,20-631036,N,Y,33.9948198,-118.4428465,
PAST SALE,November-20-2020,Single Family Residential,3644 Rosewood Ave,Los Angeles,CA,90066,1565000,3,2,C13 - Palms - Mar Vista,1308,4785,1950,326,1196,,Sold,,,http://www.redfin.com/CA/Los-Angeles/3644-Rosewood-Ave-90066/home/6746196,i-Tech MLS,320003262,N,Y,34.0025665,-118.4454768,
PAST SALE,,Single Family Residential,3621 Maplewood Ave,Los Angeles,CA,90066,1400000,4,2,,3510,4901,1949,,399,,,,,http://www.redfin.com/CA/Los-Angeles/3621-Maplewood-Ave-90066/home/6746257,,,N,Y,34.0025137,-118.4471138,
PAST SALE,October-16-2020,Single Family Residential,3418 Halderman St,Los Angeles,CA,90066,3937155,4,3.5,Palms - Mar Vista,3082,11284,2000,361,1277,,Sold,,,http://www.redfin.com/CA/Los-Angeles/3418-Halderman-St-90066/home/6747802,TheMLS,20-623060,N,Y,34.0090746,-118.4459499,
PAST SALE,June-25-2021,Single Family Residential,1938 Walgrove Ave,Los Angeles,CA,90066,1300000,2,1,Palms - Mar Vista,991,2494,1948,109,1312,,Sold,,,http://www.redfin.com/CA/Los-Angeles/1938-Walgrove-Ave-90066/home/6745930,TheMLS,21-724714,N,Y,34.0027275,-118.4502795,1.5
PAST SALE,December-7-2020,Single Family Residential,3600 Grand View Blvd,Los Angeles,CA,90066,1650000,4,2.5,Palms - Mar Vista,2153,8817,1937,309,766,,Sold,,,http://www.redfin.com/CA/Los-Angeles/3600-Grand-View-Blvd-90066/home/6749128,TheMLS,20-652988,N,Y,34.0089756,-118.4339537,
PAST SALE,May-13-2021,Single Family Residential,3866 Coolidge Ave,Los Angeles,CA,90066,2306000,3,3.5,Palms - Mar Vista,2527,5702,2019,152,913,,Sold,,,http://www.redfin.com/CA/Los-Angeles/3866-Coolidge-Ave-90066/home/6727080,TheMLS,21-696852,N,Y,34.0075496,-118.4224419,
PAST SALE,November-25-2020,Single Family Residential,3501 Inglewood Blvd,Los Angeles,CA,90066,1750000,2,1.5,Palms - Mar Vista,1485,7327,1951,321,1178,,Sold,,,http://www.redfin.com/CA/Los-Angeles/3501-Inglewood-Blvd-90066/home/6748892,TheMLS,20-645586,N,Y,34.0126828,-118.43445,
PAST SALE,April-2-2021,Single Family Residential,3513 Maplewood Ave,Los Angeles,CA,90066,2380000,3,3,Palms - Mar Vista,2119,4821,1950,193,1123,,Sold,,,http://www.redfin.com/CA/Los-Angeles/3513-Maplewood-Ave-90066/home/6746017,TheMLS,21-695260,N,Y,34.0043409,-118.4485956,
PAST SALE,April-28-2021,Single Family Residential,3422 Beethoven St,Los Angeles,CA,90066,3475000,5,5.5,Palms - Mar Vista,3878,7436,1953,167,896,,Sold,,,http://www.redfin.com/CA/Los-Angeles/3422-Beethoven-St-90066/home/6745297,TheMLS,21-705686,N,Y,34.0080453,-118.4471819,
PAST SALE,October-23-2020,Single Family Residential,3213 Rosewood Ave,Los Angeles,CA,90066,3400000,5,5.5,Palms - Mar Vista,3550,6597,2020,354,958,,Sold,,,http://www.redfin.com/CA/Los-Angeles/3213-Rosewood-Ave-90066/home/6747634,TheMLS,20-638076,N,Y,34.0111954,-118.4518361,
PAST SALE,March-30-2021,Single Family Residential,3430 Greenfield Ave,Los Angeles,CA,90034,2575000,4,4.5,Palms - Mar Vista,3093,6185,2017,196,833,,Sold,,,http://www.redfin.com/CA/Los-Angeles/3430-Greenfield-Ave-90034/home/6751311,TheMLS,21-676860,N,Y,34.0225721,-118.419165,
PAST SALE,December-24-2020,Single Family Residential,3238 Glendon Ave,Los Angeles,CA,90034,2515000,4,4.5,Palms - Mar Vista,3025,6125,1940,292,831,,Sold,,,http://www.redfin.com/CA/Los-Angeles/3238-Glendon-Ave-90034/home/6752791,TheMLS,20-650690,N,Y,34.0279335,-118.418004,
PAST SALE,November-23-2020,Single Family Residential,3608 Redwood Ave,Los Angeles,CA,90066,2850000,4,4.5,Palms - Mar Vista,3102,4902,2020,323,919,,Sold,,,http://www.redfin.com/CA/Los-Angeles/3608-Redwood-Ave-90066/home/6746272,TheMLS,20-622850,N,Y,34.002077,-118.4486759,
PAST SALE,May-18-2021,Single Family Residential,3613 Ashwood Ave,Los Angeles,CA,90066,1625000,2,1,Palms - Mar Vista,1091,4902,1940,147,1489,,Sold,,,http://www.redfin.com/CA/Los-Angeles/3613-Ashwood-Ave-90066/home/6746278,TheMLS,21-719494,N,Y,34.0022155,-118.4481298,1.4
PAST SALE,June-8-2021,Single Family Residential,3318 Colbert Ave,Los Angeles,CA,90066,2360000,5,3,C13 - Palms - Mar Vista,2861,7500,1947,126,825,,Sold,,,http://www.redfin.com/CA/Los-Angeles/3318-Colbert-Ave-90066/home/6750424,CRISNet,SR21096877,N,Y,34.0189103,-118.4331502,
PAST SALE,August-18-2021,Single Family Residential,3745 Redwood Ave,Los Angeles,CA,90066,1645000,3,1,Palms - Mar Vista,1207,5216,1939,55,1363,,Sold,,,http://www.redfin.com/CA/Los-Angeles/3745-Redwood-Ave-90066/home/6746517,TheMLS,21-762862,N,Y,33.999139,-118.4469848,
PAST SALE,January-8-2021,Single Family Residential,3969 Alla Rd,Los Angeles,CA,90066,1550000,3,2,Palms - Mar Vista,1422,5952,1946,277,1090,,Sold,,,http://www.redfin.com/CA/Los-Angeles/3969-Alla-Rd-90066/home/6740455,TheMLS,20-624334,N,Y,33.9949017,-118.4404285,
PAST SALE,September-13-2021,Single Family Residential,3300 Mclaughlin Ave,Los Angeles,CA,90066,3800000,5,4.5,Palms - Mar Vista,4135,7357,2018,29,919,,Sold,,,http://www.redfin.com/CA/Los-Angeles/3300-McLaughlin-Ave-90066/home/6749388,TheMLS,21-759768,N,Y,34.0182308,-118.4341757,
PAST SALE,June-29-2021,Single Family Residential,3246 Federal Ave,Los Angeles,CA,90066,2383000,3,2,Palms - Mar Vista,2069,7835,1947,105,1152,,Sold,,,http://www.redfin.com/CA/Los-Angeles/3246-Federal-Ave-90066/home/6750420,TheMLS,21-736376,N,Y,34.019273,-118.433538,
PAST SALE,July-20-2021,Single Family Residential,3213 Coolidge Ave,Los Angeles,CA,90066,2474000,4,2,Palms - Mar Vista,2033,7245,1948,84,1217,,Sold,,,http://www.redfin.com/CA/Los-Angeles/3213-Coolidge-Ave-90066/home/6750397,TheMLS,21-734444,N,Y,34.0208051,-118.433492,
PAST SALE,,Single Family Residential,12530 Woodbine St,Los Angeles,CA,90066,1895000,3,2,,1628,5767,1946,,1164,,,,,http://www.redfin.com/CA/Los-Angeles/12530-Woodbine-St-90066/home/6748207,,,N,Y,34.0110662,-118.4415236,
PAST SALE,April-9-2021,Single Family Residential,12539 Matteson Ave,Los Angeles,CA,90066,1875000,3,3,Palms - Mar Vista,1790,5687,1947,186,1047,,Sold,,,http://www.redfin.com/CA/Los-Angeles/12539-Matteson-Ave-90066/home/6739484,TheMLS,21-674690,N,Y,34.0007964,-118.435272,
PAST SALE,December-4-2020,Single Family Residential,3732 Colonial Ave,Los Angeles,CA,90066,2390000,4,3,Palms - Mar Vista,2438,5617,2020,312,980,,Sold,,,http://www.redfin.com/CA/Los-Angeles/3732-Colonial-Ave-90066/home/6747120,TheMLS,20-641230,N,Y,34.0053367,-118.4358102,
PAST SALE,March-5-2021,Single Family Residential,3610 Wade St,Los Angeles,CA,90066,3754000,4,4.5,Palms - Mar Vista,4298,8261,2019,221,873,,Sold,,,http://www.redfin.com/CA/Los-Angeles/3610-Wade-St-90066/home/6746848,TheMLS,21-676960,N,Y,34.005921,-118.4410906,0.9
PAST SALE,June-3-2021,Single Family Residential,3159 Barry Ave,Los Angeles,CA,90066,2634600,3,3,C13 - Palms - Mar Vista,2140,7482,1947,131,1231,,Sold,,,http://www.redfin.com/CA/Los-Angeles/3159-Barry-Ave-90066/home/6750205,CRISNet,SR21071817,N,Y,34.0209143,-118.4359079,
PAST SALE,,Single Family Residential,3655 Stewart Ave,Los Angeles,CA,90066,1515000,3,3,,1784,3734,1948,,849,,,,,http://www.redfin.com/CA/Los-Angeles/3655-Stewart-Ave-90066/home/6746866,,,N,Y,34.0051992,-118.4398809,
PAST SALE,April-6-2021,Single Family Residential,3675 Stewart Ave,Los Angeles,CA,90066,1625000,2,2,C13 - Palms - Mar Vista,1099,3457,1940,189,1479,,Sold,,,http://www.redfin.com/CA/Los-Angeles/3675-Stewart-Ave-90066/home/6746868,CRMLS,SB21008773,N,Y,34.004748,-118.4396071,
PAST SALE,February-25-2021,Single Family Residential,3779 Wade St,Los Angeles,CA,90066,1847350,4,2,C13 - Palms - Mar Vista,2328,5401,1939,229,794,,Sold,,,http://www.redfin.com/CA/Los-Angeles/3779-Wade-St-90066/home/6747301,CRISNet,SR20179854,N,Y,34.0020743,-118.4387857,
PAST SALE,January-22-2021,Single Family Residential,3605 Wade St,Los Angeles,CA,90066,3150000,5,4.5,Palms - Mar Vista,3108,5874,2018,263,1014,,Sold,,,http://www.redfin.com/CA/Los-Angeles/3605-Wade-St-90066/home/6746897,TheMLS,20-670788,N,Y,34.0058152,-118.4415693,
PAST SALE,,Single Family Residential,4141 Marcasel Ave,Los Angeles,CA,90066,1550000,3,1,,1100,11939,1942,,1409,,,,,http://www.redfin.com/CA/Los-Angeles/4141-Marcasel-Ave-90066/home/6738253,,,N,Y,33.9998271,-118.4225969,
PAST SALE,January-8-2021,Single Family Residential,3601 Colonial Ave,Los Angeles,CA,90066,1770000,4,2.5,Palms - Mar Vista,2303,7500,1930,277,769,,Sold,,,http://www.redfin.com/CA/Los-Angeles/3601-Colonial-Ave-90066/home/6746756,TheMLS,20-657046,N,Y,34.0075207,-118.4383577,
PAST SALE,July-22-2021,Single Family Residential,12930 Dewey St,Los Angeles,CA,90066,2750000,4,3.5,Palms - Mar Vista,2295,6069,1953,82,1198,,Sold,,,http://www.redfin.com/CA/Los-Angeles/12930-Dewey-St-90066/home/6747645,TheMLS,21-719990,N,Y,34.0117614,-118.4513342,
PAST SALE,December-22-2020,Single Family Residential,12424 Rose Ave,Los Angeles,CA,90066,2920000,4,4.5,Palms - Mar Vista,3135,5700,1947,294,931,,Sold,,,http://www.redfin.com/CA/Los-Angeles/12424-Rose-Ave-90066/home/6748016,TheMLS,20-639658,N,Y,34.0141497,-118.4427534,
PAST SALE,August-16-2021,Single Family Residential,3316 Meier St,Los Angeles,CA,90066,2251000,3,2,Palms - Mar Vista,1471,5281,1956,57,1530,,Sold,,,http://www.redfin.com/CA/Los-Angeles/3316-Meier-St-90066/home/6747883,TheMLS,21-759784,N,Y,34.0116659,-118.4473714,1.5
PAST SALE,October-6-2021,Single Family Residential,3310 Meier St,Los Angeles,CA,90066,2300000,3,2,Palms - Mar Vista,2242,7261,1956,6,1026,,Sold,,,http://www.redfin.com/CA/Los-Angeles/3310-Meier-St-90066/home/6747885,TheMLS,21-777894,N,Y,34.0118445,-118.4475013,
